geoapify_place_id,name,address,postcode,district,latitude,longitude,website,opening_hours,category
513961c26856b6cabf5945d4e9e51ce74940f00103f901238b9ded0000000092030948756d706872657973,Humphreys,"Humphreys, The Campus, Welwyn Garden City, AL8 6BX, United Kingdom",AL8 6BX,Welwyn Hatfield,51.8055694,-0.2086895,,,cafe
51ec2a49433289cabf5912fa997adde64940f00103f901704469310300000092030f4a6f686e204c657769732043616665,John Lewis Cafe,"John Lewis Cafe, Bridge Road, Welwyn Garden City, AL8 6TP, United Kingdom",AL8 6TP,Welwyn Hatfield,51.803634,-0.2073119,,,cafe
51bd5296218e75cabf5946cc913aa6e64940f00103f90103d20a190100000092030b43616666c3a8204e65726f,Caffè Nero,"Caffè Nero, 31 Howardsgate, Welwyn Garden City, AL8 6AP, United Kingdom",AL8 6AP,Welwyn Hatfield,51.8019479,-0.2067125,https://www.caffenero.com/uk/stores/welwyn-garden-city,Mo-Fr 06:30-18:30; Sa 07:00-18:30; Su 07:30-18:00,cafe
515fb939f0c572cabf591690acb2a5e64940f00103f901fd54a4340100000092030753696d6d6f6e73,Simmons,"Simmons, 33 Howardsgate, Welwyn Garden City, AL8 6AP, United Kingdom",AL8 6AP,Welwyn Hatfield,51.8019317,-0.2066276,,,cafe
51a4abeafad837cabf597708f340bae64940f00102f901fce5811c000000009203044265626f,Bebo,"Bebo, Stonehills, Welwyn Garden City, AL8 6NA, United Kingdom",AL8 6NA,Welwyn Hatfield,51.8025591,-0.2048294,,,cafe
51aa166c7e575fcabf59a09b470f8de64940f00103f901248b9ded00000000920305436f737461,Costa,"Costa, 50 Howardsgate, Welwyn Garden City, AL8 6BJ, United Kingdom",AL8 6BJ,Welwyn Hatfield,51.8011798,-0.2060346,,,cafe
51b36cb43056d1c8bf59b10050c2dfe64940f00102f9011a2b5f280000000092030f546577696e20526f61642043616665,Tewin Road Cafe,"Tewin Road Cafe, Tewin Road, Welwyn Garden City, AL7 1BD, United Kingdom",AL7 1BD,Welwyn Hatfield,51.8037035,-0.1938885,,,cafe
51a4842c1d8b66c8bf59d4dc35cff6e74940f00102f90120e3e31f00000000920307436f757a656e73,Couzens,"Couzens, 72-74 Haldens, Digswell, AL7 1DH, United Kingdom",AL7 1DH,Welwyn Hatfield,51.8122199,-0.1906325,,,cafe
518ba94fcd40c0c8bf59bf6cf1df72e64940f00103f901b0bbf82b0300000092030c446f6d277320536e61636b73,Dom's Snacks,"Dom's Snacks, Swallowfields, Welwyn Garden City, AL7 1JD, United Kingdom",AL7 1JD,Welwyn Hatfield,51.8003807,-0.1933671,,,cafe
515bdf15878e86cbbf592c16eab253ea4940f00102f9013921bf510000000092030a42726577202620437275,Brew & Cru,"Brew & Cru, High Street, Welwyn, AL6 9EQ, United Kingdom",AL6 9EQ,Welwyn Hatfield,51.8306846,-0.2150467,https://www.brewandcru.com/,,cafe
511bc84a092b93c8bf592882b6fe6fe94940f00102f9011e75793a0000000092030944656c692053746f70,Deli Stop,"Deli Stop, Harmer Green Lane, Welwyn, AL6 0BQ, United Kingdom",AL6 0BQ,Welwyn Hatfield,51.823724,-0.1919944,,,cafe
511aa20a7f8637ccbf596c932f0d68e34940f00103f9019dc1a92c0300000092030b546573636f20436166c3a9,Tesco Café,"Tesco Café, Oldings Corner, Stanborough, AL9 5JY, United Kingdom",AL9 5JY,Welwyn Hatfield,51.7766129,-0.2204445,https://www.tesco.com/store-locator/hatfield/great-north-road,Mo-Sa 06:00-17:00; Su 09:30-16:00,cafe
517a060dfd135cccbf59f26a14ed85ec4940f00102f9010d21582d0000000092030f53706f6b65204379636c6573204343,Spoke Cycles CC,"Spoke Cycles CC, Rabley Heath Road, Codicote, AL6 9UA, United Kingdom",AL6 9UA,North Hertfordshire,51.8478371,-0.22156,https://www.spokecycles.cc/,"Tu-Fr 10:00-16:00; Sa,Su 09:00-15:00; PH 09:00-15:00",cafe
51843f68e2c226cebf59130544d2b8ec4940f00103f901e6b91eef0100000092030743616665203737,Cafe 77,"Cafe 77, High Street, Codicote, SG4 8TF, United Kingdom",SG4 8TF,North Hertfordshire,51.8493903,-0.2355579,,,cafe
514ab956d6917ecdbf59ff918e1777e24940f00103f9013c1da9a80100000092030e4269726368776f6f642043616665,Birchwood Cafe,"Birchwood Cafe, 14 Birchwood Avenue, Stanborough, AL10 0PW, United Kingdom",AL10 0PW,Welwyn Hatfield,51.7692594,-0.2304251,,,cafe
5105d6bb896bc6d2bf595de0f25833e84940f00103f901073103eb020000009203084d61726c65792773,Marley's,"Marley's, 1A Station Road, Wheathampstead, AL4 8BU, United Kingdom",AL4 8BU,St Albans,51.814067,-0.2933606,,,cafe
51e868554b3acad2bf59feff498d1ae84940f00103f901a8919231020000009203074c6f6166696e67,Loafing,"Loafing, 4B High Street, Wheathampstead, AL4 8AA, United Kingdom",AL4 8AA,St Albans,51.8133103,-0.293593,,,cafe
51404d2d5beb0bd3bf598c3c5ae6bee74940f00103f901a0943e340200000092031042726577486f75736520436f66666565,BrewHouse Coffee,"BrewHouse Coffee, 17-19 Brewhouse Hill, Wheathampstead, AL4 8AN, United Kingdom",AL4 8AN,St Albans,51.8105133,-0.2976025,,,cafe
51fb9e477b7283d1bf591cc418a254e34940f00103f90178342fc20100000092030c54686520536164646c657279,The Saddlery,"The Saddlery, Woodcock Hill, Hatfield, AL4 9FG, United Kingdom",AL4 9FG,Welwyn Hatfield,51.7760203,-0.2736479,,,cafe
51f7aecd90f002cdbf597f1109fcc4e14940f00102f901d21077280000000092030b45726f6c27732043616665,Erol's Cafe,"Erol's Cafe, 60 Town Centre, Hatfield, AL10 0JJ, United Kingdom",AL10 0JJ,Welwyn Hatfield,51.7638238,-0.226652,,,cafe
5160ed8387c498cbbf5927c2e160cae14940f00103f901a7eb13280000000092030c43616666c3a920526f73736f,Caffé Rosso,"Caffé Rosso, Great North Road, Hatfield, AL9 5AB, United Kingdom",AL9 5AB,Welwyn Hatfield,51.7639886,-0.2155996,,Mo-Su 08:00-18:00,cafe
512a1c412ac58ecbbf595d797f72cae14940f00103f901e20f97980100000092030f4b6572627369646520436f66666565,Kerbside Coffee,"Kerbside Coffee, Great North Road, Hatfield, AL9 5AB, United Kingdom",AL9 5AB,Welwyn Hatfield,51.7639907,-0.2152945,,,cafe
513046c950ba99c3bf59a3409fc893e94940f00103f901da9cd0180200000092031354686520436f756e7472792042756d706b696e,The Country Bumpkin,"The Country Bumpkin, Tewin Hill, Tewin, AL6 0LL, United Kingdom",AL6 0LL,East Hertfordshire,51.8248225,-0.1531289,https://www.facebook.com/takemetothebumpkin/?locale=en_GB,We-Su 09:00-15:00,cafe
517ff552562ee2ccbf5907caeb6bb8e14940f00102f90111a47728000000009203044265626f,Bebo,"Bebo, 17C The Arcade, Hatfield, AL10 0JZ, United Kingdom",AL10 0JZ,Welwyn Hatfield,51.7634406,-0.2256525,,Mo-Fr 08:00-17:30; Sa 08:00-17:00; Su 09:30-15:30,cafe
51d1706f230ad2cebf59ed084c4cbce14940f00103f901ef0c407901000000920307596f6f63686174,Yoochat,"Yoochat, 163-280 Parkhouse Court, Hatfield, AL10 9RE, United Kingdom",AL10 9RE,Welwyn Hatfield,51.7635589,-0.2407849,,"PH,Mo-Su 13:00-22:00",cafe
51ec8fe67e3d15cdbf59791d160f94e14940f00103f9019cc2979801000000920315535041524b5320436f6d6d756e6974792043616665,SPARKS Community Cafe,"SPARKS Community Cafe, Queensway, Hatfield, AL10 0LT, United Kingdom",AL10 0LT,Welwyn Hatfield,51.7623309,-0.2272107,,,cafe
5121205f420587cebf59884b8e3ba5e14940f00103f901e1f43f7a01000000920305436f737461,Costa,"Costa, Comet Way, Hatfield, AL10 0XR, United Kingdom",AL10 0XR,Welwyn Hatfield,51.762855,-0.2384955,,,cafe
51cfc0c8cb9a58cbbf5981481a3790e14940f00103f901a1d07a9c0100000092030c416e67696527732044656c69,Angie's Deli,"Angie's Deli, 3 The Broadway, Hatfield, AL9 5BG, United Kingdom",AL9 5BG,Welwyn Hatfield,51.7622136,-0.2136415,,,cafe
510a229c604903cbbf592a9f2f078be14940f00103f901464207c501000000920317537461626c65205961726420436f666665652053686f70,Stable Yard Coffee Shop,"Stable Yard Coffee Shop, The Stable Yard, Hatfield, AL9 5NQ, United Kingdom",AL9 5NQ,Welwyn Hatfield,51.7620553,-0.2110378,,,cafe
51b24c1afe2ec7cebf5973373e4970e14940f00103f9015cb8407a0100000092030b43616666c3a8204e65726f,Caffè Nero,"Caffè Nero, Comet Way, Hatfield, AL10 0XR, United Kingdom",AL10 0XR,Welwyn Hatfield,51.7612392,-0.2404536,https://www.caffenero.com/uk/stores/hatfield-galleria,Mo-Fr 09:30-20:00; Sa 09:30-18:00; Su 10:30-17:00,cafe
51e2ccafe600c1cebf590b992b836ae14940f00103f90163b8407a0100000092030d43616665204769617264696e6f,Cafe Giardino,"Cafe Giardino, Comet Way, Hatfield, AL10 0XR, United Kingdom",AL10 0XR,Welwyn Hatfield,51.761063,-0.240265,,,cafe
51f77475c7629bcfbf591f871cb688e14940f00103f901782ee9a10000000092030943616665204d6f6f74,Cafe Moot,"Cafe Moot, Mosquito Way, Hatfield, AL10 9UH, United Kingdom",AL10 9UH,Welwyn Hatfield,51.7619846,-0.2469295,,,cafe
51df2cca11d7d6cebf593acc971760e14940f00103f9017e0f437a01000000920305436f737461,Costa,"Costa, 61 Comet Way, Hatfield, AL10 0XX, United Kingdom",AL10 0XX,Welwyn Hatfield,51.760745,-0.2409314,,,cafe
51cff753e3a59bcfbf594c7155d977e14940f00103f901792ee9a10000000092030a43616665205374756479,Cafe Study,"Cafe Study, Mosquito Way, Hatfield, AL10 9EU, United Kingdom",AL10 9EU,Welwyn Hatfield,51.76147,-0.2469375,,,cafe
51558d12887d44c7bf59651a52df8aed4940f00102f90181f0f65100000000920316546865205365637265742054727566666c6574696572,The Secret Truffletier,"The Secret Truffletier, London Road, Woolmer Green, SG3 6HS, United Kingdom",SG3 6HS,Welwyn Hatfield,51.8557811,-0.1817747,https://thesecrettruffletier.co.uk/,,cafe
512937f691005acebf594ab2b38de4e04940f00102f90145a2152d0000000092030b4761726167652043616665,Garage Cafe,"Garage Cafe, Bishops Rise, Welham Green, AL10 9HQ, United Kingdom",AL10 9HQ,Welwyn Hatfield,51.7569749,-0.2371216,,,cafe
511e0137e6d0fdd3bf599dd7d825aae74940f00103f901efd2f7850200000092030c43616464696520436166c3a9,Caddie Café,"Caddie Café, Harpenden Road, Wheathampstead, AL4 8EZ, United Kingdom",AL4 8EZ,St Albans,51.80988,-0.3123667,https://www.wheathampsteadgolf.com/copy-of-cafe-events,Mo-Tu 09:00-14:30; Th-Su 09:00-14:30,cafe
512f7fd6494b2acebf59019fec7fa7ee4940f00102f901db030e1a0000000092031656616e73746f6e652047617264656e2043656e747265,Vanstone Garden Centre,"Vanstone Garden Centre, Hitchin Road, Codicote, SG4 8TP, United Kingdom",SG4 8TP,North Hertfordshire,51.8646306,-0.2356644,,,cafe
5166cff1be7949c4bf59e2c27d3498ec4940f00102f90128dd5c38000000009203114461746368776f72746820436f66666565,Datchworth Coffee,"Datchworth Coffee, 3 Datchworth Green, Datchworth Green, SG3 6BT, United Kingdom",SG3 6BT,East Hertfordshire,51.8483949,-0.1584923,https://datchworthcoffee.com,Mo-Sa 09:00-16:00; Su 10:00-15:00,cafe
5185a97702ab34cfbf59fc7fe6bd7be04940f00103f901f27d1a2a020000009203105468652047616c6c6572792043616665,The Gallery Cafe,"The Gallery Cafe, College Lane, Welham Green, AL10 9PN, United Kingdom",AL10 9PN,Welwyn Hatfield,51.7537763,-0.2437948,,,cafe
51ba85ae44a0facebf59ec42bd2a61e04940f00103f901488a5310010000009203094361666520526f7265,Cafe Rore,"Cafe Rore, Butler Walk, Welham Green, AL10 9PN, United Kingdom",AL10 9PN,Welwyn Hatfield,51.7529653,-0.2420235,,Mo-Fr 08:00-16:00,cafe
51ca8168f7f58dd3bf59548550eff3e34940f00103f901e1078b36030000009203124865617274776f6f6420546561726f6f6d73,Heartwood Tearooms,"Heartwood Tearooms, 27 High Street, Sandridge, AL4 9DD, United Kingdom",AL4 9DD,St Albans,51.7808818,-0.3055396,https://heartwoodtearooms.com,"Mo,Tu,Th-Sa 08:00-16:00; Su 09:00-16:00",cafe
5185909845cdfccebf599789c7eafbdf4940f00103f901c1ff7c2600000000920309537461726275636b73,Starbucks,"Starbucks, College Lane, Welham Green, AL10 9AB, United Kingdom",AL10 9AB,Welwyn Hatfield,51.7498754,-0.2420899,,Mo-Fr 08:00-16:00,cafe
518763c6716e71c7bf59b60a7dc0cdee4940f00102f9018389112300000000920308436f617374657273,Coasters,"Coasters, 130 London Road, Knebworth, SG3 6EY, United Kingdom",SG3 6EY,North Hertfordshire,51.8656743,-0.1831263,,,cafe
51b9c898165003cebf59ab1f402bd5df4940f00103f901f84748c60200000092030d48696768766965772043616665,Highview Cafe,"Highview Cafe, Hilltop Way, Welham Green, AL10 8FL, United Kingdom",AL10 8FL,Welwyn Hatfield,51.7486929,-0.2344761,,,cafe
51eff66a91fea8c7bf597e912b50e6ee4940f00103f90183e20d1c0000000092030a56616c27732043616665,Val's Cafe,"Val's Cafe, 13 Station Road, Knebworth, SG3 6DF, United Kingdom",SG3 6DF,North Hertfordshire,51.8664036,-0.1848448,,,cafe
510a40ed0104bdcbbf59cdf79d70c0ef4940f00103f901bfa3db2d0000000092031b5468652047617264656e20546572726163652054656120526f6f6d,The Garden Terrace Tea Room,"The Garden Terrace Tea Room, Manor Arm Stables, Knebworth, SG3 6QD, United Kingdom",SG3 6QD,North Hertfordshire,51.8730603,-0.2167058,,,cafe
51cab040aa1732d4bf59fb7f8b0409e34940f00103f9012359aca80100000092031554686520506f7474696e6720536865642043616665,The Potting Shed Cafe,"The Potting Shed Cafe, 106 St Albans Road, Sandridge, AL4 9LJ, United Kingdom",AL4 9LJ,St Albans,51.7737127,-0.3155574,,,cafe
516dc1f7a34dfad1bf59912683482be04940f00103f90128079a0e0200000092030a43616665205061757361,Cafe Pausa,"Cafe Pausa, 2 Alban Park, St Albans, AL4 0JJ, United Kingdom",AL4 0JJ,St Albans,51.7513209,-0.2809023,,,cafe
51c07394282092d3bf5975fa8beabee14940f00103f90190a217f70100000092030d4661646520746f20426c61636b,Fade to Black,"Fade to Black, 65 The Quadrant, Sandridge, AL4 9RD, United Kingdom",AL4 9RD,St Albans,51.7636388,-0.3057938,,,cafe
5182476d865166cabf593edf91c766de4940f00102f901880ea50e0000000092030c526f6f6b6572792043616665,Rookery Cafe,"Rookery Cafe, Great North Road, Welham Green, AL9 5SF, United Kingdom",AL9 5SF,Welwyn Hatfield,51.7375152,-0.2062409,,,cafe
5155ecca657fefd5bf59fbc2d16152e74940f00102f901d4b951500000000092030a436166652041726f6d61,Cafe Aroma,"Cafe Aroma, 135 Southdown Road, Hatching Green, AL5 1PU, United Kingdom",AL5 1PU,St Albans,51.8072021,-0.342743,,"Mo-Tu 07:00-16:00, We-Sa 07:00-22:00; Su 08:00-22:00",cafe
51c6489b4fc2f1d5bf59bdb266bf49e74940f00103f90118f3e0e6020000009203094c617a792042656172,Lazy Bear,"Lazy Bear, 122 Southdown Road, Hatching Green, AL5 1QQ, United Kingdom",AL5 1QQ,St Albans,51.8069381,-0.3428808,https://www.lazybearcoffee.co.uk,Mo-Fr 08:30-16:00; Sa 08:30-15:00; Su 10:00-14:00,cafe
51718f615ffcfecbbf594753e2df0cde4940f00102f901f26fe73c0000000092030b4c65204f6e20436166c3a9,Le On Café,"Le On Café, Dellsome Lane, Welham Green, AL9 7NF, United Kingdom",AL9 7NF,Welwyn Hatfield,51.7347679,-0.218719,,,cafe
51282268716bf7d1bf59af5a99f04bf04940f00103f9013365e54900000000920310456d696c7927732054656120526f6f6d,Emily's Tea Room,"Emily's Tea Room, The Valley, St Paul's Walden, SG4 8BN, United Kingdom",SG4 8BN,North Hertfordshire,51.8773175,-0.2807263,,,cafe
511360fd440a0ac9bf599270c6d56df14940f00103f90181bf9a0e020000009203055061757361,Pausa,"Pausa, A London Road, Stevenage, SG1 1XZ, United Kingdom",SG1 1XZ,Stevenage,51.8861644,-0.1956189,,,cafe
5124e4cb68f186d6bf59f30e8e0f4fe84940f00102f901952be80d0000000092031548617270656e64656e20436f666665652053686f70,Harpenden Coffee Shop,"Harpenden Coffee Shop, Station Approach, Hatching Green, AL5 4FQ, United Kingdom",AL5 4FQ,St Albans,51.8149128,-0.3519863,,,cafe
511f7931dea007d4bf59e2c8039145e04940f00103f90192cb3b0100000000920315546865204265656368205374726565742043616665,The Beech Street Cafe,"The Beech Street Cafe, 191A Hatfield Road, St Albans, AL1 4LG, United Kingdom",AL1 4LG,St Albans,51.752123,-0.3129656,,,cafe
51a118998cc109cabf59847062e9c6f14940f00102f9015cca623800000000920309537461726275636b73,Starbucks,"Starbucks, Whittle Way, Stevenage, SG1 2GX, United Kingdom",SG1 2GX,Stevenage,51.8888828,-0.2034227,,,cafe
514976c031a992d6bf594d6c213953e84940f00102f901c411291600000000920305436f737461,Costa,"Costa, 9-10 Station Road, Hatching Green, AL5 4SW, United Kingdom",AL5 4SW,St Albans,51.8150404,-0.3527017,,Mo-Sa 07:30-15:30; Su 08:30-15:30,cafe
518b30eaffc1acd6bf599333b9bd49e84940f00103f9014769d3450200000092030753696d6d6f6e73,Simmons,"Simmons, 2 Station Road, Hatching Green, AL5 4SE, United Kingdom",AL5 4SE,St Albans,51.8147504,-0.3542943,https://www.simmonsbakers.com/,Mo-Sa 07:00-17:00; Su 08:00-16:00,cafe
51d0b29366987fc7bf59802c4487c0dd4940f00103f9019d9c58fc0200000092030b436166c3a9204475746368,Café Dutch,"Café Dutch, Great North Road, Bell Bar, AL9 6ND, United Kingdom",AL9 6ND,Welwyn Hatfield,51.732438,-0.1835814,,Mo-Sa 09:00-16:30; Su 10:00-16:00,cafe
5175fbf6bf6db7d6bf59821f306a52e84940f00103f901e010650803000000920305436f737461,Costa,"Costa, High Street, Hatching Green, AL5 2RU, United Kingdom",AL5 2RU,St Albans,51.8150151,-0.3549456,,,cafe
5105a96ff48c58d4bf5975adbd4f55e04940f00103f901d0ee1cf70100000092031554686520466c65657476696c6c65204c6172646572,The Fleetville Larder,"The Fleetville Larder, 129 Hatfield Road, St Albans, AL1 4JS, United Kingdom",AL1 4JS,St Albans,51.7526035,-0.3179047,,"Mo-Th 09:00-15:00; Fr,Sa 09:00-15:00",cafe
5192ab2e1188c0d6bf59c7a3ff1746e84940f00102f901b80a26160000000092030b43616666c3a8204e65726f,Caffè Nero,"Caffè Nero, High Street, Hatching Green, AL5 2TH, United Kingdom",AL5 2TH,St Albans,51.8146399,-0.3555016,https://www.caffenero.com/uk/stores/harpenden,Mo-Fr 07:00-17:30; Sa 07:30-17:30; Su 08:00-17:00,cafe
51cabac9b95e64d4bf59402a6ad553e04940f00103f901d5ee1cf7010000009203065669656e746f,Viento,"Viento, 115 Hatfield Road, St Albans, AL1 4JS, United Kingdom",AL1 4JS,St Albans,51.7525584,-0.3186261,,Mo-Sa 08:00-14:00,cafe
51ae7a9d372d15d5bf591d39548552e14940f00102f901761c1037000000009203104c6974746c6520537461722043616665,Little Star Cafe,"Little Star Cafe, 90 Sandridge Road, St Albans, AL1 4BA, United Kingdom",AL1 4BA,St Albans,51.7603325,-0.329416,,Mo-Su 08:30-16:00,cafe
512e01d8952fcad6bf59b2c5e1da5ee84940f00102f901ae3bdd4d0000000092030e486172726973202b20486f6f6c65,Harris + Hoole,"Harris + Hoole, High Street, Hatching Green, AL5 2SX, United Kingdom",AL5 2SX,St Albans,51.8153947,-0.35609,,Mo-Sa 07:30-17:30; Su 09:00-16:00,cafe
51a7f6663171cdd6bf59896a6d5438e84940f00102f901e7266a250000000092031054686520576166666c6520486f757365,The Waffle House,"The Waffle House, 15 Leyton Road, Hatching Green, AL5 2HY, United Kingdom",AL5 2HY,St Albans,51.8142191,-0.3562892,,,cafe
51d00d005af5e3d6bf599a9ab90976e84940f00102f901a60b8154000000009203105468652050756464696e672053746f70,The Pudding Stop,"The Pudding Stop, 14 Church Green, Hatching Green, AL5 2TW, United Kingdom",AL5 2TW,St Albans,51.8161021,-0.3576634,https://thepuddingstop.com/pages/harpenden,Mo-Su 08:30-17:00,cafe
51041b7c0679e2d6bf592ffd4b5299e84940f00103f901dd816408030000009203094f6b6b612043616665,Okka Cafe,"Okka Cafe, High Street, Hatching Green, AL5 2SP, United Kingdom",AL5 2SP,St Albans,51.817179,-0.3575728,,,cafe
51cee7752994e0d6bf59ea1f15b9bbe84940f00102f9013028133e0000000092030c4272657720616e6420437275,Brew and Cru,"Brew and Cru, Sun Lane, Hatching Green, AL5 4EX, United Kingdom",AL5 4EX,St Albans,51.8182288,-0.3574572,,Mo-Sa 08:00-16:30; Su 09:30-16:30,cafe
5122da33f048e1d6bf59d3c5014fb5e84940f00103f90161e8b1bb0200000092030c4272616420262044696c6c73,Brad & Dills,"Brad & Dills, 67 High Street, Hatching Green, AL5 2SN, United Kingdom",AL5 2SN,St Albans,51.8180331,-0.3575003,,,cafe
51a1986148f3ecd6bf591ec0c7050ce84940f00103f90126cc4285020000009203074d6f6e74792773,Monty's,"Monty's, Leyton Road, Hatching Green, AL5 2HU, United Kingdom",AL5 2HU,St Albans,51.8128669,-0.3582123,,,cafe
51094e7d2079e7d6bf593beb0901afe84940f00103f901909e64080300000092030a4e6f6e6e612043616665,Nonna Cafe,"Nonna Cafe, High Street, Hatching Green, AL5 2SP, United Kingdom",AL5 2SP,St Albans,51.8178407,-0.357878,,,cafe
51ba24555f5b8dc9bf596e4dcd3a40f24940f00102f9018e12350800000000920305436f737461,Costa,"Costa, London Road, Stevenage, SG1 1XN, United Kingdom",SG1 1XN,Stevenage,51.8925526,-0.1996212,,Mo-Fr 06:30-19:30; Sa 07:00-19:00; Su 07:00-18:00,cafe
51d57b2aa73da5d4bf59255f645d37e04940f00103f901f0870b69000000009203044e696e6f,Nino,"Nino, 47 Hatfield Road, St Albans, AL1 4JE, United Kingdom",AL1 4JE,St Albans,51.7516896,-0.3225855,,,cafe
51d7a84a2824edd6bf5927f0dc8bc5e94940f00102f90179b337250000000092030d546865204f76616c2043616665,The Oval Cafe,"The Oval Cafe, 6 Highfield Oval, Harpenden, AL5 4BX, United Kingdom",AL5 4BX,St Albans,51.8263455,-0.3582077,https://theovalcafe.com/,Mo-Fr 09:00-17:00; Sa 10:00-16:00,cafe
51ea95c1327ab8d4bf59facb2a0125e04940f00102f901f0e0cf090000000092030a4669667479204e696e65,Fifty Nine,"Fifty Nine, Stanhope Road, St Albans, AL1 5BA, United Kingdom",AL1 5BA,St Albans,51.7511314,-0.3237611,,Mo-Fr 07:00-23:00; Sa 08:00-23:00; Su 09:00-17:00,cafe
5119f64ae3cbfdd3bf591392aca32bdf4940f00102f901320100210000000092030e54686520536d6f6b65686f757365,The Smokehouse,"The Smokehouse, Cell Barnes Lane, St Albans, AL1 5PX, United Kingdom",AL1 5PX,St Albans,51.7435193,-0.3123655,,,cafe
51048f6fef1af4d4bf594e5e09490be04940f00103f9016756ba5201000000920305436f737461,Costa,"Costa, Station Way, St Albans, AL1 5HE, United Kingdom",AL1 5HE,St Albans,51.7503444,-0.327399,,,cafe
51803859b44a7ad5bf596cc94f4fc4e04940f00103f9012aabfe6b010000009203175374205065746572732053747265657420436f66666565,St Peters Street Coffee,"St Peters Street Coffee, 109 St Peter's Street, St Albans, AL1 3ET, United Kingdom",AL1 3ET,St Albans,51.7559909,-0.3355891,,Mo-Fr 07:30-16:00; Sa 08:30-17:00; Su 10:00-15:00,cafe
5111082a99524db5bf591983989537e64940f00103f9010ba7f50b030000009203074e6f7572697368,Nourish,"Nourish, Port Vale, Hertingfordbury, SG14 3AB, United Kingdom",SG14 3AB,East Hertfordshire,51.7985713,-0.0832111,,,cafe
5187623c94b256d5bf59e36833f389e04940f00103f90170b8861a0000000092031254686520436f757274796172642043616665,The Courtyard Cafe,"The Courtyard Cafe, 11 Hatfield Road, St Albans, AL1 3RR, United Kingdom",AL1 3RR,St Albans,51.7542099,-0.3334166,,Tu-Sa 08:45-15:00,cafe
5127d588aaa976d5bf59ddfbafce8ce04940f00102f901d4238e130000000092030b4368612026204e61737461,Cha & Nasta,"Cha & Nasta, 14 Hatfield Road, St Albans, AL1 3RP, United Kingdom",AL1 3RP,St Albans,51.7542971,-0.3353676,,,cafe
51766b990cc7f3c9bf59e70187ab5edc4940f00103f9013e0818b70200000092030a5465616c6963696f7573,Tealicious,"Tealicious, 83,85 Bradmore Green, Brookmans Park, AL9 7QT, United Kingdom",AL9 7QT,Welwyn Hatfield,51.7216391,-0.202752,,,cafe
515581696b5496d5bf5919dbe573a7e04940f00102f90164b3cb090000000092030b5374726565742043616665,Street Cafe,"Street Cafe, 13 Catherine Street, St Albans, AL3 5BJ, United Kingdom",AL3 5BJ,St Albans,51.7551054,-0.3372966,https://www.streetcafe.com/,Mo-Fr 08:30-15:00; Su 09:00-15:30; Sa 08:30-16:00,cafe
516d2d4ba3e38bd5bf59a8c6c96495e04940f00102f901f0178313000000009203094361666520526f6d61,Cafe Roma,"Cafe Roma, 79A St Peter's Street, St Albans, AL1 3EG, United Kingdom",AL1 3EG,St Albans,51.7545374,-0.3366455,,Mo-Fr 07:00-18:00; Sa 08:00-18:00; Su 09:00-17:30,cafe
51c45f9335eaa1d5bf591b78ff69b4e04940f00103f901cec5660b0300000092031243616665206f6e2074686520436f726e6572,Cafe on the Corner,"Cafe on the Corner, Adelaide Street, St Albans, AL3 5BG, United Kingdom",AL3 5BG,St Albans,51.7555058,-0.3380075,,,cafe
517dc96bcabaa4d5bf599c4aabc6b7e04940f00103f90131b1660b030000009203054869546561,HiTea,"HiTea, Adelaide Street, St Albans, AL3 5BG, United Kingdom",AL3 5BG,St Albans,51.7556084,-0.3381793,,,cafe
51533c2eaa4544d5bf595eac5e341ae04940f00103f9017a4f871a0000000092030d4361666520416c66726573636f,Cafe Alfresco,"Cafe Alfresco, 84 Victoria Street, St Albans, AL1 3TG, United Kingdom",AL1 3TG,St Albans,51.7507997,-0.332292,,Mo-Sa 07:30-16:00; Su 09:00-16:00,cafe
512b0f779a71bfc9bf5969006f8104f34940f00103f901e715b2be0100000092030a4173646120436166c3a9,Asda Café,"Asda Café, Monkswood Way, Stevenage, SG1 1LA, United Kingdom",SG1 1LA,Stevenage,51.898575,-0.2011549,https://storelocator.asda.com/east-of-england/stevenage/monkswood-way/cafe,Mo-Sa 08:30-18:00; Su 10:00-16:00,cafe
51ced83cb3c986b4bf592ed4505903e64940f00103f901d5e1f50b03000000920309746869727465656e2e,thirteen.,"thirteen., Mill Bridge, Hertingfordbury, SG14 1RU, United Kingdom",SG14 1RU,East Hertfordshire,51.7969772,-0.0801817,,,cafe
514443ba190ba7c5bf59e52bf2bc54f24940f00102f901c744bf2a0000000092030d54686520487964652043616665,The Hyde Cafe,"The Hyde Cafe, 22 The Hyde, Stevenage, SG2 9SB, United Kingdom",SG2 9SB,Stevenage,51.8932114,-0.1691602,,,cafe
5184dacaa6b79ad5bf599309aea877e04940f00103f90131e4f71a02000000920312426c61636b20536865657020436f66666565,Black Sheep Coffee,"Black Sheep Coffee, 51-57 St Peter's Street, St Albans, AL1 3DY, United Kingdom",AL1 3DY,St Albans,51.7536517,-0.3375682,https://blacksheepcoffee.co.uk/blogs/locations/st-peters-street,,cafe
51fb2336e9baa5d5bf59b91e3a9b6be04940f00102f9018d4bc60900000000920305436f737461,Costa,"Costa, 29 St Peter's Street, St Albans, AL1 3DP, United Kingdom",AL1 3DP,St Albans,51.7532781,-0.3382274,,Mo-Sa 07:00-19:30; Su 08:00-18:00,cafe
51daa84e07b29ecabf59ad815259b9e64940f00103f901be13ddfb020000009203124d69737961204d657a652026204772696c6c,Misya Meze & Grill,"Misya Meze & Grill, 67 Parkway, Welwyn Garden City, AL8 6JQ, United Kingdom",AL8 6JQ,Welwyn Hatfield,51.8025314,-0.207968,,,restaurant
510e2c47c8409ecabf593464e190b2e64940f00103f901ce59c9920100000092030f4272617373657269652043c3b47465,Brasserie Côte,"Brasserie Côte, 1 Howardsgate, Welwyn Garden City, AL8 6AL, United Kingdom",AL8 6AL,Welwyn Hatfield,51.8023244,-0.2079545,,,restaurant
512f489ffb17adcabf59c40a123697e64940f00103f90177d612740200000092030e476967676c696e67205371756964,Giggling Squid,"Giggling Squid, Parkway, Welwyn Garden City, AL8 6DH, United Kingdom",AL8 6DH,Welwyn Hatfield,51.8014896,-0.2084074,https://www.gigglingsquid.com/restaurant/welwyn-garden-city,Mo-Su 12:00-22:30,restaurant
51be2f2e55698bcabf5991e16712abe64940f00103f901c959c992010000009203194772c3a4732052657374617572616e74207c204c6f756e6765,Gräs Restaurant | Lounge,"Gräs Restaurant | Lounge, 15 Howardsgate, Welwyn Garden City, AL8 6AL, United Kingdom",AL8 6AL,Welwyn Hatfield,51.8020957,-0.2073795,,Su-Fr 12:00-22:30; Sa 12:00-23:00,restaurant
5155f833bc5983cabf59a9296e81a9e64940f00103f9019e7e45150200000092030e506f7374696e6f204c6f756e6765,Postino Lounge,"Postino Lounge, 17-19 Howardsgate, Welwyn Garden City, AL8 6AL, United Kingdom",AL8 6AL,Welwyn Hatfield,51.8020479,-0.2071335,https://thelounges.co.uk/postino,,restaurant
5118192ebcdc71cabf59b1e72109b1e64940f00103f90174d6127402000000920305467568616f,Fuhao,"Fuhao, Wigmores North, Welwyn Garden City, AL8 6BL, United Kingdom",AL8 6BL,Welwyn Hatfield,51.8022777,-0.2065998,,,restaurant
51d065c5cb2e73cabf59d6c97443aee64940f00103f90170d6127402000000920303526564,Red,"Red, Wigmores North, Welwyn Garden City, AL8 6BL, United Kingdom",AL8 6BL,Welwyn Hatfield,51.8021931,-0.2066401,,,restaurant
51b8d33142d36dcabf59d55e9f94a4e64940f00103f9019f284515020000009203254d6567616e277320696e207468652047617264656e20436974792052657374617572616e74,Megan's in the Garden City Restaurant,"Megan's in the Garden City Restaurant, Howardsgate, Welwyn Garden City, AL8 6BL, United Kingdom",AL8 6BL,Welwyn Hatfield,51.8018976,-0.2064766,,,restaurant
5161b0d128136dcabf59f203fcbf8fe64940f00103f901280e13740200000092030c50697a7a6145787072657373,PizzaExpress,"PizzaExpress, Howardsgate, Welwyn Garden City, AL8 6PL, United Kingdom",AL8 6PL,Welwyn Hatfield,51.8012619,-0.2064537,https://www.pizzaexpress.com/welwyn-garden-city-howardsgate,,restaurant
5170308ad46afec9bf59d7b672405ce84940f00103f90139827d470000000092030748616b616c6f6b,Hakalok,"Hakalok, 7 Shoplands, Welwyn Garden City, AL8 7RH, United Kingdom",AL8 7RH,Welwyn Hatfield,51.8153153,-0.2030767,http://www.hakalok.co.uk/,,restaurant
51ba3203f0aa62cabf59850a0e2f88e64940f00103f90109fbaa17010000009203094e65656d2054726565,Neem Tree,"Neem Tree, 4 Fretherne Road, Welwyn Garden City, AL8 6NU, United Kingdom",AL8 6NU,Welwyn Hatfield,51.801031,-0.2061361,,,restaurant
51e6bbde72523ccfbf59f1544615a0e64940f00102f9019a9542060000000092030e41756265726765206475204c6163,Auberge du Lac,"Auberge du Lac, Palladian Bridge, Lemsford, AL8 7TS, United Kingdom",AL8 7TS,Welwyn Hatfield,51.8017679,-0.2440303,https://brocket-hall.co.uk/auberge-du-lac/,,restaurant
5109b317b69fdbcabf594942901276e54940f00102f9014620aa1200000000920309426565666561746572,Beefeater,"Beefeater, Stanborough Mews, Welwyn Garden City, AL8 6DQ, United Kingdom",AL8 6DQ,Welwyn Hatfield,51.7926796,-0.2098208,https://www.beefeater.co.uk/en-gb/locations/hertfordshire/the-stanborough,,restaurant
51be604d5c6662c8bf591e66f6bcf9e74940f00102f9011ee3e31f0000000092030a52616a2047617264656e,Raj Garden,"Raj Garden, 78 Haldens, Welwyn Garden City, AL7 1DD, United Kingdom",AL7 1DD,Welwyn Hatfield,51.812309,-0.190503,,,restaurant
51ac8f87bebb95cbbf599a97c3ee3bea4940f00103f901f96def5d0000000092030f4171756120526973746f72616e7465,Aqua Ristorante,"Aqua Ristorante, 28 High Street, Welwyn, AL6 9EQ, United Kingdom",AL6 9EQ,Welwyn Hatfield,51.829954,-0.215507,http://www.aquaristorante.co.uk/Old-Welwyn-Restaurant.php,,restaurant
516d640dcd2b8dcbbf592872d24554ea4940f00103f901a1fb4c5c0200000092030f566974612052657374617572616e74,Vita Restaurant,"Vita Restaurant, 12 High Street, Welwyn, AL6 9EQ, United Kingdom",AL6 9EQ,Welwyn Hatfield,51.8306968,-0.2152457,,,restaurant
513b0086485f84cbbf5930793c0e60ea4940f00102f9012b21bf510000000092030954616a204d6168616c,Taj Mahal,"Taj Mahal, 2 High Street, Welwyn, AL6 9EQ, United Kingdom",AL6 9EQ,Welwyn Hatfield,51.8310515,-0.2149699,,,restaurant
5186c1a15cbf05c9bf59a487461c57e54940f00103f901312eb1430000000092030c456173742069732045617374,East is East,"East is East, Cole Green Lane, Welwyn Garden City, AL7 3PU, United Kingdom",AL7 3PU,Welwyn Hatfield,51.7917209,-0.1954879,,,restaurant
51592030c50bd8c8bf59b06312e456e54940f00103f9015c2eb14300000000920306426970617368,Bipash,"Bipash, Cole Green Lane, Welwyn Garden City, AL7 3PU, United Kingdom",AL7 3PU,Welwyn Hatfield,51.7917142,-0.1940932,,,restaurant
5184ebf6feab33ccbf59d2a34ee559e34940f00103f901a2c1a92c03000000920309594f21205375736869,YO! Sushi,"YO! Sushi, Oldings Corner, Stanborough, AL9 5JY, United Kingdom",AL9 5JY,Welwyn Hatfield,51.7761809,-0.2203269,,Mo-Sa 06:00-00:00; Su 10:00-16:00,restaurant
51000b4f9e680dc7bf59ed180dcf01e54940f00103f901522294650000000092030c52616a206f6620496e646961,Raj of India,"Raj of India, Hall Grove, Welwyn Garden City, AL7 4PH, United Kingdom",AL7 4PH,Welwyn Hatfield,51.7891177,-0.1800967,,,restaurant
51d7f3c0332021d2bf594bff71e2a8e74940f00102f90190db263d000000009203074c274f6c69766f,L'Olivo,"L'Olivo, 135 Marford Road, Wheathampstead, AL4 8NH, United Kingdom",AL4 8NH,St Albans,51.8098394,-0.2832715,https://www.lolivo-restaurant.com,,restaurant
51e3ff451081e9cdbf593e280fcdc1e24940f00102f90100d59628000000009203084c6f6f6e20436865,Loon Che,"Loon Che, Manor Parade, Stanborough, AL10 9JS, United Kingdom",AL10 9JS,Welwyn Hatfield,51.7715402,-0.2336892,,,restaurant
519358ada7b118cebf59c246a34cb4ec4940f00103f901e3b91eef01000000920314497a67617261204772696c6c2026204b65626162,Izgara Grill & Kebab,"Izgara Grill & Kebab, High Street, Codicote, SG4 8TF, United Kingdom",SG4 8TF,North Hertfordshire,51.8492523,-0.2351286,,,restaurant
5119b2158fe623cebf597ed5dbb0b7ec4940f00103f901e5b91eef0100000092030e436f6469636f7465205370696365,Codicote Spice,"Codicote Spice, High Street, Codicote, SG4 8TF, United Kingdom",SG4 8TF,North Hertfordshire,51.8493558,-0.2354706,,,restaurant
518c568e7517c2d2bf590fdd215f1ce84940f00102f9016adb263d000000009203085468652042756c6c,The Bull,"The Bull, High Street, Wheathampstead, AL4 8BS, United Kingdom",AL4 8BS,St Albans,51.8133941,-0.2930689,https://www.millerandcarter.co.uk/millerandcarterwheathampstead/,,restaurant
5186dbebee4bc7d2bf592f59cb530ce84940f00103f9015ea4cf330200000092030944696c646172204949,Dildar II,"Dildar II, 21 High Street, Wheathampstead, AL4 8BB, United Kingdom",AL4 8BB,St Albans,51.8128762,-0.2934141,https://jaksite.wixsite.com/dildar2,,restaurant
51e08e26cdd5c5d2bf59381504ea28e84940f00103f90195fff433020000009203094c65204d6f756c696e,Le Moulin,"Le Moulin, 3 Mill Walk, Wheathampstead, AL4 8DT, United Kingdom",AL4 8DT,St Albans,51.8137486,-0.2933249,,,restaurant
513afcda9f30cdd2bf5979a16fc108e84940f00103f901af919231020000009203164e6968616f204368696e6573652054616b6561776179,Nihao Chinese Takeaway,"Nihao Chinese Takeaway, High Street, Wheathampstead, AL4 8AA, United Kingdom",AL4 8AA,St Albans,51.8127672,-0.2937738,,,restaurant
5109f5a8ed61d2d2bf590715a7a2e3e74940f00102f901de03273d0000000092030d4e6f6e6e6f27732050697a7a61,Nonno's Pizza,"Nonno's Pizza, 1 Church Street, Wheathampstead, AL4 8AP, United Kingdom",AL4 8AP,St Albans,51.8116373,-0.2940782,https://www.nonnospizza.co.uk/wheathampstead/,,restaurant
519cffb2d6ab23cdbf59b19f6a99b1e14940f00103f9016f70dc7a010000009203174d617a2773204361666520262052657374617572616e74,Maz's Cafe & Restaurant,"Maz's Cafe & Restaurant, 90 Town Centre, Hatfield, AL10 0JW, United Kingdom",AL10 0JW,Welwyn Hatfield,51.7632324,-0.2276511,,,restaurant
51f7b239e05fdcccbf591a3c4a8cade14940f00102f90103a4772800000000920309506f696e74204f6e65,Point One,"Point One, The Arcade, Hatfield, AL10 0JY, United Kingdom",AL10 0JY,Welwyn Hatfield,51.7631095,-0.2254754,,,restaurant
51a6dee04c1fe3ccbf59b0d965c3aae14940f00102f901ca7d7528000000009203085368616d69616e61,Shamiana,"Shamiana, 14 The Arcade, Hatfield, AL10 0JY, United Kingdom",AL10 0JY,Welwyn Hatfield,51.7630236,-0.2256812,http://www.shamianaindian.co.uk/,,restaurant
5125f230a90194cebf59cbafcf2dc6e14940f00102f90107818c090000000092030b496e646961205761616c65,India Waale,"India Waale, 12 Harpsfield Broadway, Hatfield, AL10 9TF, United Kingdom",AL10 9TF,Welwyn Hatfield,51.7638643,-0.2389021,,,restaurant
518d0354ddc8e1ccbf5900e48409a3e14940f00103f901c779ed7a0100000092030a48657265204a6170616e,Here Japan,"Here Japan, 2-6 Market Place, Hatfield, AL10 0LN, United Kingdom",AL10 0LN,Welwyn Hatfield,51.762788,-0.2256404,,,restaurant
51fde2bf2c0897cebf59acb215ddc1e14940f00102f901efba6928000000009203084e65772045617374,New East,"New East, 10 Harpsfield Broadway, Hatfield, AL10 9TF, United Kingdom",AL10 9TF,Welwyn Hatfield,51.7637331,-0.2389917,,,restaurant
51888f3e9c76e7ccbf59c55b4299a1e14940f00103f901c979ed7a0100000092030741676f676f2773,Agogo's,"Agogo's, 8 Market Place, Hatfield, AL10 0LN, United Kingdom",AL10 0LN,Welwyn Hatfield,51.7627441,-0.2258137,,,restaurant
51a4ef7f91e1c2cebf59b47b4d6ac3e14940f00103f90100bc46790100000092030942617220547572616e,Bar Turan,"Bar Turan, 106-162 Parkhouse Court, Hatfield, AL10 9RA, United Kingdom",AL10 9RA,Welwyn Hatfield,51.7637761,-0.2403223,,,restaurant
51e86c01a1f5f0ccbf59615a8a9a9ee14940f00103f9014aa8fa260000000092031248796465726162616420466c61766f757273,Hyderabad Flavours,"Hyderabad Flavours, 15 Market Place, Hatfield, AL10 0LJ, United Kingdom",AL10 0LJ,Welwyn Hatfield,51.7626527,-0.2261035,,,restaurant
519600a19a37f3ccbf597ae40f069ee14940f00103f901d279ed7a010000009203085461737465206974,Taste it,"Taste it, 17 Market Place, Hatfield, AL10 0LJ, United Kingdom",AL10 0LJ,Welwyn Hatfield,51.762635,-0.2261724,,,restaurant
5185e49c6cda84cbbf59545c229ca3e14940f00102f901accb0b2c0000000092030e5461737465204f6620496e646961,Taste Of India,"Taste Of India, 33-34 Salisbury Square, Hatfield, AL9 5AF, United Kingdom",AL9 5AF,Welwyn Hatfield,51.7627988,-0.2149855,,,restaurant
51edd3f19881cacebf595acbaec5b8e14940f00103f90105754e63000000009203154d6f65277320506572692d50657269204772696c6c,Moe's Peri-Peri Grill,"Moe's Peri-Peri Grill, 10 Parkhouse Court, Hatfield, AL10 9RQ, United Kingdom",AL10 9RQ,Welwyn Hatfield,51.7634513,-0.240555,,Mo-Fr 11:00-28:00; Sa 12:00-28:00; Su 11:00-26:00,restaurant
51f637b23c597bcebf59500c7f3caae14940f00103f9014cf62128000000009203065072657a7a6f,Prezzo,"Prezzo, Comet Way, Hatfield, AL10 0XR, United Kingdom",AL10 0XR,Welwyn Hatfield,51.7630077,-0.2381393,,,restaurant
51b5dc99098673cbbf59ff64428298e14940f00103f9012a522d090200000092030f546865204e65772044796e61737479,The New Dynasty,"The New Dynasty, 27-30 Salisbury Square, Hatfield, AL9 5JD, United Kingdom",AL9 5JD,Welwyn Hatfield,51.7624667,-0.214463,,,restaurant
511cab39e576d4cebf597cd11e2fa4e14940f00103f901ec0c40790100000092030f5475726b697368204b69746368656e,Turkish Kitchen,"Turkish Kitchen, 13 Parkhouse Court, Hatfield, AL10 9RQ, United Kingdom",AL10 9RQ,Welwyn Hatfield,51.762823,-0.2408589,,,restaurant
519c3cc0eecfa0cebf59816500039ce14940f00103f901e3f43f7a010000009203074e616e646f2773,Nando's,"Nando's, Comet Way, Hatfield, AL10 0XR, United Kingdom",AL10 0XR,Welwyn Hatfield,51.7625736,-0.2392826,https://www.nandos.co.uk/restaurants/hatfield,,restaurant
513b996ec8f5a5cebf594e36d4de96e14940f00103f901e4f43f7a0100000092030c50697a7a6145787072657373,PizzaExpress,"PizzaExpress, Comet Way, Hatfield, AL10 0XR, United Kingdom",AL10 0XR,Welwyn Hatfield,51.7624167,-0.2394397,https://www.pizzaexpress.com/hatfield-galleria-shopping-outlet,,restaurant
517d24253d0cadcebf591536035c90e14940f00103f901e5f43f7a0100000092030e546865205265616c204368696e61,The Real China,"The Real China, Comet Way, Hatfield, AL10 0XR, United Kingdom",AL10 0XR,Welwyn Hatfield,51.762218,-0.239656,,,restaurant
5187361effb7edcabf590eb317d77fe14940f00102f9017ec7f50c0000000092030f54686520436f61636820486f757365,The Coach House,"The Coach House, The Stable Yard, Hatfield, AL9 5NQ, United Kingdom",AL9 5NQ,Welwyn Hatfield,51.7617039,-0.2104241,,,restaurant
51795caf44fbb3cebf59cb3ad2cf8ae14940f00103f901105434d602000000920308576167616d616d61,Wagamama,"Wagamama, 63 Hatfield Tunnel, Stanborough, AL10 0XY, United Kingdom",AL10 0XY,Welwyn Hatfield,51.7620487,-0.2398676,,,restaurant
51b5464e70fb2fc7bf59bbfbd29112ed4940f00103f9017d4af508020000009203064d72204c6f77,Mr Low,"Mr Low, Kimptons Court, Woolmer Green, SG3 6JP, United Kingdom",SG3 6JP,Welwyn Hatfield,51.8521292,-0.1811518,,,restaurant
51e5db16c0ef3acfbf59657c4e3052e14940f00103f901f61f479c01000000920315456c656d656e74204261722026204b69746368656e,Element Bar & Kitchen,"Element Bar & Kitchen, St Albans Road West, Hatfield, AL10 9RH, United Kingdom",AL10 9RH,Welwyn Hatfield,51.7603207,-0.2439861,https://www.elementbar.co.uk/,,restaurant
5134d8d47954fccfbf5954feb5bc72e14940f00103f901762ee9a100000000920316646520486176696c6c616e6420466f6f642048616c6c,de Havilland Food Hall,"de Havilland Food Hall, Mosquito Way, Hatfield, AL10 9EU, United Kingdom",AL10 9EU,Welwyn Hatfield,51.761314,-0.249888,,,restaurant
51a41e8b03f440c4bf591c7bc23ea1ec4940f00102f9015fdd5c380000000092030b5468652054696c62757279,The Tilbury,"The Tilbury, Watton Road, Datchworth Green, SG3 6TB, United Kingdom",SG3 6TB,East Hertfordshire,51.8486669,-0.158224,,,restaurant
51a3f265587b0ed3bf594bd933958fe24940f00103f90119900c6f0000000092030c42656e67616c205370696365,Bengal Spice,"Bengal Spice, 6 St Brelades Place, Sandridge, AL4 9RG, United Kingdom",AL4 9RG,St Albans,51.7700068,-0.2977589,,,restaurant
51c7511443cdebcebf597fff417ffcdf4940f00103f9017a2ee9a10000000092031454686520466f72756d2052657374617572616e74,The Forum Restaurant,"The Forum Restaurant, College Lane, Welham Green, AL10 9AB, United Kingdom",AL10 9AB,Welwyn Hatfield,51.7498931,-0.2415711,,Mo-Fr 11:30-15:00,restaurant
51d881734694f6cdbf599c734b06dbdf4940f00103f901c6483ca40200000092030c48617070792056616c6c6579,Happy Valley,"Happy Valley, High View, Welham Green, AL10 8FS, United Kingdom",AL10 8FS,Welwyn Hatfield,51.7488716,-0.2340875,,,restaurant
51c1caa145b6f3cdbf594f0a4ed8d9df4940f00103f901f64748c60200000092030a53706963656669656c64,Spicefield,"Spicefield, High View, Welham Green, AL10 8FS, United Kingdom",AL10 8FS,Welwyn Hatfield,51.7488356,-0.234,,,restaurant
514356b77a4e7ac7bf5934b09f0fe0ee4940f00103f9013590eb1c0000000092030d52616a612054616e646f6f7269,Raja Tandoori,"Raja Tandoori, London Road, Knebworth, SG3 6EX, United Kingdom",SG3 6EX,North Hertfordshire,51.8662128,-0.18342,,,restaurant
516058fe7c5bb0d3bf5909e3022be2e14940f00103f901acd275a6000000009203074461765665726f,DavVero,"DavVero, 9 The Quadrant, Sandridge, AL4 9RA, United Kingdom",AL4 9RA,St Albans,51.7647146,-0.307639,,,restaurant
513fbf94264ae7d2bf59746781d140e04940f00103f9013559cb1b000000009203104368696c6c2040204368696c6c692773,Chill @ Chilli's,"Chill @ Chilli's, 415 Hatfield Road, St Albans, AL4 0XP, United Kingdom",AL4 0XP,St Albans,51.7519781,-0.2953668,,,restaurant
51ac25fe28bfe0d5bf59f17757bf4fe74940f00102f90183384f500000000092031741204a6f75726e6579205468726f75676820496e646961,A Journey Through India,"A Journey Through India, 2 Grove Road, Hatching Green, AL5 1PX, United Kingdom",AL5 1PX,St Albans,51.8071315,-0.3418376,https://sarakh.co.uk/,Su-Th 17:00-23:00; Fr-Sa 17:00:23:30,restaurant
51efa446b46bf4d5bf5900226a7f50e74940f00102f901d1b951500000000092030742656e746f7a6f,Bentozo,"Bentozo, 131 Southdown Road, Hatching Green, AL5 1PU, United Kingdom",AL5 1PU,St Albans,51.8071537,-0.3430432,https://bentozo.co.uk,"Mo-Th 11:00-14:15,17:00-20:45; Fr-Sa 11:00-14:15,17:00-21:15",restaurant
51ca7a095fa9f8cbbf59c56691370ade4940f00102f901f56fe73c000000009203104f7269656e74616c2045787072657373,Oriental Express,"Oriental Express, Dellsome Lane, Welham Green, AL9 7NF, United Kingdom",AL9 7NF,Welwyn Hatfield,51.7346868,-0.2185261,,,restaurant
51ac1dc539eae8cbbf59f878d78f03de4940f00103f901110ee18a00000000920313537069636520526f7567652045787072657373,Spice Rouge Express,"Spice Rouge Express, 5,7 Dellsome Lane, Welham Green, AL9 7NF, United Kingdom",AL9 7NF,Welwyn Hatfield,51.7344837,-0.2180455,,,restaurant
5191646bcf659cc8bf59d3671e6521f14940f00102f9017c3999150000000092030c546f62792043617276657279,Toby Carvery,"Toby Carvery, London Road, Stevenage, SG2 8DT, United Kingdom",SG2 8DT,Stevenage,51.8838392,-0.1922679,https://www.tobycarvery.co.uk/restaurants/east-of-england/theoldforgestevenage,,restaurant
51912e916687d3d3bf59d9603cde3fe04940f00103f901d06c1cf7010000009203055368616164,Shaad,"Shaad, Hatfield Road, St Albans, AL1 4FN, United Kingdom",AL1 4FN,St Albans,51.7519491,-0.3097857,,,restaurant
51e09ee74f1bd5d3bf59ce70033e3fe04940f00103f901cf6c1cf70100000092030b5a61666672616e204f6e65,Zaffran One,"Zaffran One, 254 Hatfield Road, St Albans, AL1 4UN, United Kingdom",AL1 4UN,St Albans,51.75193,-0.309882,,,restaurant
514a9869fb57d6d3bf599e6230da3ee04940f00103f901ce6c1cf70100000092030d4c616e7465726e20486f757365,Lantern House,"Lantern House, 252 Hatfield Road, St Albans, AL1 4UN, United Kingdom",AL1 4UN,St Albans,51.7519181,-0.3099575,,,restaurant
517c8967bfa4e7d3bf59badffce142e04940f00103f901a5ae3b690000000092030d4e6f6e6e6f27732050697a7a61,Nonno's Pizza,"Nonno's Pizza, 215 Hatfield Road, St Albans, AL1 4SY, United Kingdom",AL1 4SY,St Albans,51.7520411,-0.3110134,,,restaurant
513a0e72cdd3efd3bf599c7e9aa443e04940f00103f901a1ae3b690000000092030d536f75766c616b692043697479,Souvlaki City,"Souvlaki City, 203 Hatfield Road, St Albans, AL1 4SY, United Kingdom",AL1 4SY,St Albans,51.7520643,-0.3115129,,,restaurant
511788f3be4391d6bf592ad2340e65e84940f00102f9017611dc4d0000000092031353776565742053706f74204465737365727473,Sweet Spot Desserts,"Sweet Spot Desserts, 38 Station Road, Hatching Green, AL5 4ST, United Kingdom",AL5 4ST,St Albans,51.815585,-0.3526155,https://www.sweetspot-desserts.co.uk/,Su-Fr 12:00-22:30; Sa 12:00-23:00,restaurant
518c32eae57193d6bf59b2ee86bf61e84940f00102f9017511dc4d000000009203085468652031393731,The 1971,"The 1971, 36 Station Road, Hatching Green, AL5 4ST, United Kingdom",AL5 4ST,St Albans,51.8154868,-0.3527434,https://the1971.co.uk/,Mo-Th 17:30-23:00; Fr-Sa 17:30-23:30; Su 17:30-22:30,restaurant
510f9237087295d6bf597719402b51e84940f00102f901cd1129160000000092030e4f7269656e74616c2041726f6d61,Oriental Aroma,"Oriental Aroma, Station Road, Hatching Green, AL5 4SW, United Kingdom",AL5 4SW,St Albans,51.8149778,-0.3528718,https://www.orientalaromaonline.co.uk,Tu-Su 17:00-21:50,restaurant
511e2274532095d6bf593c4d01055fe84940f00102f9017011dc4d0000000092031748617270656e64656e204772696c6c2026204b65626162,Harpenden Grill & Kebab,"Harpenden Grill & Kebab, 36 Station Road, Hatching Green, AL5 4ST, United Kingdom",AL5 4ST,St Albans,51.8154031,-0.352851,https://harpendengrill.com,Mo-Th 13:00-22:00; Fr-Sa 13:00-23:00; Su 14:00-22:00,restaurant
512ed431868a98d6bf593e10bb024fe84940f00102f901cb1129160000000092030450617961,Paya,"Paya, Station Road, Hatching Green, AL5 4SW, United Kingdom",AL5 4SW,St Albans,51.8149109,-0.3530601,,"Mo,We,Th 13:00-23:00, Tu 13:00-22:30, Fr-Su 13:00-01:00",restaurant
515d242c637798d6bf59bd2551755be84940f00102f901e87d553f0000000092030e5a696f27732050697a7a65726961,Zio's Pizzeria,"Zio's Pizzeria, 34 Station Road, Hatching Green, AL5 4SE, United Kingdom",AL5 4SE,St Albans,51.8152964,-0.3530633,https://www.ziospizzeria.co.uk/,,restaurant
51009f0e1ab09ad6bf59cdb227814de84940f00102f901c91129160000000092030a5061737461204369626f,Pasta Cibo,"Pasta Cibo, Station Road, Hatching Green, AL5 4SW, United Kingdom",AL5 4SW,St Albans,51.8148652,-0.3531914,https://pastacibo.com,"Mo-Sa 12:00-14:00,18:00-22:00; Su 18:00-22:00",restaurant
51d58e6f3c0a9ad6bf59645a39e35ae84940f00102f901e97d553f000000009203084772616666697469,Graffiti,"Graffiti, 32 Station Road, Hatching Green, AL5 4SE, United Kingdom",AL5 4SE,St Albans,51.8152659,-0.35314,https://graffitirestaurant.co.uk,,restaurant
5139509610621dd4bf599305a79949e04940f00103f901336d56f8010000009203055461766168,Tavah,"Tavah, 187 Hatfield Road, St Albans, AL1 4LG, United Kingdom",AL1 4LG,St Albans,51.7522461,-0.3142934,,,restaurant
51908af72e5d9bd6bf595c78545d4be84940f00102f901c31129160000000092030942617220417a697461,Bar Azita,"Bar Azita, Station Road, Hatching Green, AL5 4SW, United Kingdom",AL5 4SW,St Albans,51.8147754,-0.3532093,,Mo-Sa 12:00-22:00,restaurant
51830bc391512fd4bf59dc227a6352e04940f00103f901599e1df7010000009203144f736d696e7320546861692054616b6561776179,Osmins Thai Takeaway,"Osmins Thai Takeaway, 167B Hatfield Road, St Albans, AL1 4LB, United Kingdom",AL1 4LB,St Albans,51.7525143,-0.3153881,,,restaurant
514b51d3d3eca6d6bf59235635f746e84940f00103f901875936610100000092030f43c3b4746520427261737365726965,Côte Brasserie,"Côte Brasserie, 9 Station Road, Hatching Green, AL5 4AA, United Kingdom",AL5 4AA,St Albans,51.8146657,-0.3539383,,,restaurant
516e0be0771d3bd4bf59eb05fa9f57e04940f00103f90125e30b6900000000920309546865204f61736973,The Oasis,"The Oasis, 149 Hatfield Road, St Albans, AL1 4LB, United Kingdom",AL1 4LB,St Albans,51.7526741,-0.3161081,,,restaurant
5170a7be3d19add6bf59a2f9522e43e84940f00103f901885936610100000092030c4d656174696e6720526f6f6d,Meating Room,"Meating Room, Station Road, Hatching Green, AL5 4SD, United Kingdom",AL5 4SD,St Albans,51.8145502,-0.3543151,,,restaurant
515b442d9124b2d6bf596d3e6c3563e84940f00102f901c617034e0000000092031c54726174746f726961204974616c69616e61206461204672616e636f,Trattoria Italiana da Franco,"Trattoria Italiana da Franco, 5 Vaughan Road, Hatching Green, AL5 4HU, United Kingdom",AL5 4HU,St Albans,51.815548,-0.3546386,http://www.trattoria-italiana-da-franco.co.uk,Mo off; Tu-Sa 10:00-23:30; Su 10:00-17:00,restaurant
51770a4fd42cabc7bf59faf33cfdb1dd4940f00102f901981d620d0000000092030f4d696c6c6572202620436172746572,Miller & Carter,"Miller & Carter, Great North Road, Bell Bar, AL9 6NA, United Kingdom",AL9 6NA,Welwyn Hatfield,51.7319795,-0.18491,https://www.millerandcarter.co.uk/restaurants/east-of-england/millerandcarterbrookmanspark,,restaurant
5186811fb58cb4d6bf59af79a0f863e84940f00102f9013728133e0000000092031853696c7665722050616c6174652052657374617572616e74,Silver Palate Restaurant,"Silver Palate Restaurant, 3 Vaughan Road, Hatching Green, AL5 4HU, United Kingdom",AL5 4HU,St Albans,51.815548,-0.3547625,https://www.silverpalate.co.uk/harpenden,Mo-Sa 08:00-17:00; Su 08:30-16:00,restaurant
51a67f492a534cd4bf59e26f20c951e04940f00103f901c436e1f501000000920310526f6f6d20666f722044657373657274,Room for Dessert,"Room for Dessert, 184 Hatfield Road, St Albans, AL1 4JG, United Kingdom",AL1 4JG,St Albans,51.7524959,-0.3171585,,,restaurant
5197be91ed7ec1d6bf59f646b0de43e84940f00102f901b90a26160000000092030c50697a7a6145787072657373,PizzaExpress,"PizzaExpress, High Street, Hatching Green, AL5 2TH, United Kingdom",AL5 2TH,St Albans,51.8145738,-0.3555523,https://www.pizzaexpress.com/harpenden-high-street,Mo-Su 11:30-22:30,restaurant
512893faa628c6d6bf59ea5febe530e84940f00102f90157d32816000000009203094c7573736d616e6e73,Lussmanns,"Lussmanns, 20a Leyton Road, Hatching Green, AL5 2HU, United Kingdom",AL5 2HU,St Albans,51.8139924,-0.355822,https://www.lussmanns.com/restaurants/harpenden/,Tu-Su 11:30-22:00; PH 11:30-22:00,restaurant
512358a9da1c73d5bf591adc3d63fde14940f00102f901d6ec3d0a00000000920309486172766573746572,Harvester,"Harvester, 46 Harpenden Road, St Albans, AL3 5AH, United Kingdom",AL3 5AH,St Albans,51.7655524,-0.3351576,https://www.harvester.co.uk/restaurants/eastofengland/theancientbritonstalbans,Mo-Su 09:00-23:00,restaurant
5138ee2758f6cdd6bf59c7ce0daa3ee84940f00102f90178cb28160000000092030e476967676c696e67205371756964,Giggling Squid,"Giggling Squid, Amenbury Lane, Hatching Green, AL5 2BT, United Kingdom",AL5 2BT,St Albans,51.8144096,-0.3563197,https://www.gigglingsquid.com/restaurant/harpenden,"Mo-Th 12:00-22:00; Fr,Sa 12:00-22:30; Su 12:00-21:30",restaurant
513aa8b68b7fcfd6bf598ba00ddd62e84940f00102f901b13bdd4d000000009203045a65726f,Zero,"Zero, 8A Leyton Road, Hatching Green, AL5 2TL, United Kingdom",AL5 2TL,St Albans,51.8155174,-0.3564145,https://www.zerosushi.co.uk/harpenden,Tu-Sa 12:00-18:00,restaurant
513035f8b138d2d6bf59349d9d0c8ee84940f00103f901b9a99f4502000000920309476f64667265792773,Godfrey's,"Godfrey's, 41 High Street, Hatching Green, AL5 2SD, United Kingdom",AL5 2SD,St Albans,51.816835,-0.3565809,https://www.godfreyschips.com/,Mo-Sa 12:00-21:00,restaurant
51275140248d1bc9bf592af3565d07f24940f00102f9016e19d206000000009203074e616e646f2773,Nando's,"Nando's, Great North Road, Stevenage, SG1 1XN, United Kingdom",SG1 1XN,Stevenage,51.8908498,-0.1961533,https://www.nandos.co.uk/restaurants/stevenage-roaring-meg,Mo 11:30-18:00; Tu-Th 11:30-22:00; Fr-Su 11:00-22:00,restaurant
51d5bf35c181dad6bf592669a3df63e84940f00103f901239d0c85020000009203165375736869204461696c7920402057616974726f7365,Sushi Daily @ Waitrose,"Sushi Daily @ Waitrose, 3 Leyton Road, Hatching Green, AL5 2TJ, United Kingdom",AL5 2TJ,St Albans,51.8155479,-0.3570866,,,restaurant
515b22179cc1dfd6bf5996cbeb2d8ae84940f00103f901b25936610100000092030b436865662050656b696e67,Chef Peking,"Chef Peking, Church Green, Hatching Green, AL5 2TW, United Kingdom",AL5 2TW,St Albans,51.8167169,-0.357407,,,restaurant
51f9db9e20b1ddd6bf5906aa3583aee84940f00103f901b5593661010000009203045a617a61,Zaza,"Zaza, 61 High Street, Hatching Green, AL5 2SL, United Kingdom",AL5 2SL,St Albans,51.8178257,-0.357281,https://zaza.co.uk/restaurants/harpenden/,Mo-Sa 12:00-22:30; Su 12:00-22:00,restaurant
51238ac10ed730d1bf5923f937dbfaea4940f00102f9014a5e89090000000092030d53686177277320436f726e6572,Shaw's Corner,"Shaw's Corner, Bibbs Hall Lane, Ayot St. Lawrence, AL6 9BX, United Kingdom",AL6 9BX,Welwyn Hatfield,51.8357926,-0.2686032,https://www.nationaltrust.org.uk/visit/essex-bedfordshire-hertfordshire/shaws-corner,,museum
5193dfea04e422cabf59e931554eede24940f00102f9015610eb41000000009203204d696c6c20477265656e204d757365756d202620576f726b696e67204d696c6c,Mill Green Museum & Working Mill,"Mill Green Museum & Working Mill, Bush Hall Lane, Stanborough, AL9 5PD, United Kingdom",AL9 5PD,Welwyn Hatfield,51.7728452,-0.2042063,https://www.millgreenmuseum.co.uk/,,museum
51b4a1ac29da66cebf5926f4442113e24940f00103f90172bfc6bf0200000092030f4861746669656c642042756e6b6572,Hatfield Bunker,"Hatfield Bunker, Comet Way, Stanborough, AL10 9SJ, United Kingdom",AL10 9SJ,Welwyn Hatfield,51.7662088,-0.2375138,https://www.hatfieldbunker.co.uk/,,museum
517529649de051c4bf590c5bb39597ec4940f00103f9012908201d000000009203114461746368776f727468204d757365756d,Datchworth Museum,"Datchworth Museum, 9A Datchworth Green, Datchworth Green, SG3 6TL, United Kingdom",SG3 6TL,East Hertfordshire,51.848376,-0.1587487,https://www.datchworth.com/local-information/museum/,,museum
51b878f0a300ced3bf59ec9297a687df4940f00102f901d09f7b1500000000920317537420416c62616e73204f7267616e2054686561747265,St Albans Organ Theatre,"St Albans Organ Theatre, 320 Camp Road, St Albans, AL1 5PE, United Kingdom",AL1 5PE,St Albans,51.7463225,-0.3094565,https://stalbansorgantheatre.org.uk/,,museum
51f7171177dbfcd4bf59e8772c37dedf4940f00102f90160da6a5400000000920321537420416c62616e7320536f757468205369676e616c20426f78204d757365756d,St Albans South Signal Box Museum,"St Albans South Signal Box Museum, Ridgmont Road, St Albans, AL1 3AH, United Kingdom",AL1 3AH,St Albans,51.7489656,-0.3279345,http://sigbox.co.uk/,"""Every second Sunday, 2-5pm. Specific Sundays posted 3 months in advance on noticeboard.""",museum
51f1f4acb476f1b3bf59a980085e0be64940f00102f901da919e0c0000000092030f48657274666f7264204d757365756d,Hertford Museum,"Hertford Museum, 18 Bull Plain, Hertingfordbury, SG14 1DT, United Kingdom",SG14 1DT,East Hertfordshire,51.7972138,-0.0779126,https://www.hertfordmuseum.org/,Tu-Sa 10:00-17:00; Su 12:00-16:00,museum
514396dd43ccb1d5bf59f4f1d82847e04940f00102f9019b6712020000000092031b537420416c62616e2773204d757365756d202b2047616c6c657279,St Alban's Museum + Gallery,"St Alban's Museum + Gallery, St Peter's Street, St Albans, AL1 3DH, United Kingdom",AL1 3DH,St Albans,51.7521693,-0.3389801,https://www.stalbansmuseums.org.uk/,Mo-Sa 10:00 - 17:00; Su 11:00-17:00,museum
511a6f8676a96cc9bf59f113628962f34940f00103f901547360210000000092031053746576656e616765204d757365756d,Stevenage Museum,"Stevenage Museum, St George's Way, Stevenage, SG1 1XX, United Kingdom",SG1 1XX,Stevenage,51.9014446,-0.1986286,https://www.stevenage.gov.uk/stevenage-museum,,museum
51358ab4f8a4b8d6bf5972e1921c5de04940f00102f9012dae5f0100000000920311566572756c616d69756d204d757365756d,Verulamium Museum,"Verulamium Museum, St Michael's Street, St Albans, AL3 4SW, United Kingdom",AL3 4SW,St Albans,51.7528849,-0.3550258,https://www.stalbansmuseums.org.uk/visit/verulamium-museum,Mo-Sa 10:00-17:00; Su 14:00-17:00,museum
511edb07da83cdd6bf59f4a7c230e5df4940f00102f901dcb942000000000092030d546865204879706f6361757374,The Hypocaust,"The Hypocaust, St Albans Green Ring, St Albans, AL3 4SN, United Kingdom",AL3 4SN,St Albans,51.7491813,-0.3562921,https://www.stalbansmuseums.org.uk/visit/hypocaust,SUMMER OPENING TIMES: Monday - Sunday: 10am - 4.30pm  WINTER OPENING TIMES:  Monday - Sunday: 10am - 3.45pm,museum
51047e09d3e863d1bf59e5bbd4e5f7da4940f00102f90139f091050000000092031c446520486176696c6c616e64204169726372616674204d757365756d,De Havilland Aircraft Museum,"De Havilland Aircraft Museum, Bell Lane, Shenley, AL2 1BU, United Kingdom",AL2 1BU,St Albans,51.7107157,-0.2716964,https://dehavillandmuseum.co.uk,"Mo off; Mar 30-Oct 31 Tu-Su,PH 10:30-17:00; Nov 01-Mar 29 Tu-Su,PH 10:30-16:00",museum
51f33a9cb2ab61b3bf59e4e975e5c7e04940f00102f9010d1751320000000092031343656c746963204861726d6f6e792043616d70,Celtic Harmony Camp,"Celtic Harmony Camp, Brickendon Lane, Brickendon, SG13 8NU, United Kingdom",SG13 8NU,East Hertfordshire,51.7560395,-0.0759643,https://celticharmony.org/,Sa-Su 10:00-16:00,museum
517aaed94a829bd9bf59554243dedde54940f00102f9014703fe1e00000000920317526564626f75726e2056696c6c616765204d757365756d,Redbourn Village Museum,"Redbourn Village Museum, The Common, Redbourn, AL3 7NB, United Kingdom",AL3 7NB,St Albans,51.7958521,-0.4001136,https://www.redbournmuseum.org/,,museum
51bf79162939ccc8bf59f80ec86f1bd94940f00103f9010ef5091e01000000920312506f747465727320426172204d757365756d,Potters Bar Museum,"Potters Bar Museum, Wyllyotts Place, Potters Bar, EN6 2JD, United Kingdom",EN6 2JD,Hertsmere,51.6961498,-0.1937324,https://www.pottersbarmuseum.org.uk/,Tu-We 14:30-16:30; Sa 11:00-13:00,museum
51ffa7b66e016ea1bf591028db7ae0e74940f00102f901d607c1480000000092030b57617265204d757365756d,Ware Museum,"Ware Museum, 89 High Street, Great Amwell, SG12 9AL, United Kingdom",SG12 9AL,East Hertfordshire,51.8115329,-0.0340392,https://www.waremuseum.org.uk,"Mo,Th-Fr closed; Tu-We,Sa 11:00-16:00; Su 14:00-16:00",museum
518ffa905ca30adbbf5990b1248adaee4940f00103f901c50a3d27030000009203124d6f73736d616e20436f6c6c656374696f6e,Mossman Collection,"Mossman Collection, London Road, Luton, LU1 4LX, United Kingdom",LU1 4LX,Luton,51.8660443,-0.4225243,,,museum
5182223871941edbbf59bd852adac6ee4940f00102f901293301580000000092031a53746f636b776f6f6420446973636f766572792043656e747265,Stockwood Discovery Centre,"Stockwood Discovery Centre, London Road, Luton, LU1 4LX, United Kingdom",LU1 4LX,Luton,51.8654031,-0.4238651,https://www.culturetrust.com/venues/stockwood-discovery-centre,We-Su 11:00-16:00; SH 11:00-16:00,museum
51ef92382ba2a6d1bf5913e8b8bf1ff94940f00103f9015b99de670000000092031642726974697368207363686f6f6c73206d757365756d,British schools museum,"British schools museum, Queen Street, Hitchin, SG4 9TU, United Kingdom",SG4 9TU,North Hertfordshire,51.9462814,-0.2757955,https://britishschoolsmuseum.org.uk,,museum
51f349383ea429d4bf595c92037635d74940f00103f9015863fa36030000009203195261646c6574742026204469737472696374204d757365756d,Radlett & District Museum,"Radlett & District Museum, Theobald Street, Aldenham, WD7 7NA, United Kingdom",WD7 7NA,Hertsmere,51.681319,-0.3150416,,,museum
51de9e835bc6f68bbf59eb78f494aae04940f00102f90164ff59070000000092030f4c6f7765776f6f64204d757365756d,Lowewood Museum,"Lowewood Museum, High Street, Hoddesdon, EN11 8BH, United Kingdom",EN11 8BH,Broxbourne,51.7552058,-0.0136543,,We-Fr 10:00-16:00; Sa 10:00-17:00,museum
51584b4bf619e1d1bf59fe0461b884f94940f00103f901c725b4eb0200000092031a4e6f7274682048657274666f72647368697265204d757365756d,North Hertfordshire Museum,"North Hertfordshire Museum, Brand Street, Hitchin, SG5 1JE, United Kingdom",SG5 1JE,North Hertfordshire,51.9493628,-0.2793641,https://northhertsmuseum.org,,museum
51ace7040ecbc5dabf593c1e922f85f24940f00102f901da5dfd1800000000920313576172646f776e205061726b204d757365756d,Wardown Park Museum,"Wardown Park Museum, Old Bedford Road, Luton, LU2 7HA, United Kingdom",LU2 7HA,Luton,51.8947354,-0.4182865,https://www.lutonculture.com/wardown-park-museum/,,museum
51f34de4935f50b8bf594a44f81741d74940f00103f901c1c701340000000092031e57686974657765626273204d757365756d206f66205472616e73706f7274,Whitewebbs Museum of Transport,"Whitewebbs Museum of Transport, Whitewebbs Road, London, EN2 9HW, United Kingdom",EN2 9HW,Greater London,51.681674,-0.0949764,https://www.whitewebbsmuseum.co.uk/,,museum
514e9b711aa20acabf591686c8e9ebd34940f00103f901907e4d5e020000009203164261726e6574204d757365756d20446973706c617973,Barnet Museum Displays,"Barnet Museum Displays, The Spires Shopping Centre, Chipping Barnet, EN5 5XY, United Kingdom",EN5 5XY,Greater London,51.655637,-0.2034495,,,museum
518fb81160a28bd1bf599a87026cf6d34940f00103f9012e443d9d0100000092031e456c737472656520616e6420426f726568616d776f6f64204d757365756d,Elstree and Borehamwood Museum,"Elstree and Borehamwood Museum, 96 Shenley Road, Borehamwood, WD6 1EB, United Kingdom",WD6 1EB,Hertsmere,51.6559577,-0.2741476,https://www.elstree-museum.org.uk/,Tu-Th 12:00-18:00; Fr off; Sa 10:00-15:00; Su-Mo off,museum
5102a0e5d429eac9bf59225a86938fd34940f00103f901b74224510100000092030d4261726e6574204d757365756d,Barnet Museum,"Barnet Museum, Wood Street, London, EN5 4BJ, United Kingdom",EN5 4BJ,Greater London,51.6528191,-0.2024586,https://www.barnetmuseum.co.uk,Tu-Su 14:30-16:30; Fr off; Sa 10:30-16:00,museum
515c72c9b88a97ccbf592cfe2bc1fcfc4940f00102f901618ff91d0000000092032a54686520496e7465726e6174696f6e616c2047617264656e204369746965732045786869626974696f6e,The International Garden Cities Exhibition,"The International Garden Cities Exhibition, Norton Way South, Norton, SG6 1SU, United Kingdom",SG6 1SU,North Hertfordshire,51.9764624,-0.2233779,http://www.gardencitymuseum.org/,Mo-Sa 10:00-17:00,museum
51640b254c2a8ccdbf5983cee0df1afd4940f00102f901ceff5649000000009203194d757365756d206174204f6e652047617264656e2043697479,Museum at One Garden City,"Museum at One Garden City, Broadway, Norton, SG6 3NX, United Kingdom",SG6 3NX,North Hertfordshire,51.9773888,-0.2308536,,,museum
5184d3ca06edfeddbf59459f02a88cde4940f00102f901762bd90500000000920315546865205061706572204d696c6c204d757365756d,The Paper Mill Museum,"The Paper Mill Museum, Frogmore Road, Corner Hall, HP3 9RY, United Kingdom",HP3 9RY,Dacorum,51.7386604,-0.468727,http://frogmoremill.com/,,museum
511a0d2abbaafdddbf59ea5fed8387de4940f00103f9015b72ab250000000092032754686520506170657220547261696c202d20546865205061706572204d696c6c204d757365756d,The Paper Trail - The Paper Mill Museum,"The Paper Trail - The Paper Mill Museum, Fourdrinier Way, Corner Hall, HP3 9RQ, United Kingdom",HP3 9RQ,Dacorum,51.7385106,-0.4686076,https://frogmorepapermill.org.uk/,,museum
5118891a96500bcdbf59487bcdbc66fd4940f00103f901781d36930100000092031b4c65746368776f72746820436f6d6d756e697479204d757365756d,Letchworth Community Museum,"Letchworth Community Museum, The Arcade, Norton, SG6 3ET, United Kingdom",SG6 3ET,North Hertfordshire,51.9796978,-0.2269078,https://www.letchworth.com/what-we-do/our-venues/community-museum,,museum
510e4bfc3a9a78b1bf59092b23cdb6d54940f00102f901fe324c0000000000920311466f7274792048616c6c204d757365756d,Forty Hall Museum,"Forty Hall Museum, Forty Hill, London, EN1 4UW, United Kingdom",EN1 4UW,Greater London,51.6696412,-0.0682465,https://www.fortyhallestate.co.uk/,,museum
5139b93a5b9b21d0bf59a88a4e3ba1fd4940f00103f901b89371eb0200000092032347617264656e204369747920436f6c6c656374696f6e2053747564792043656e747265,Garden City Collection Study Centre,"Garden City Collection Study Centre, Hillcrest Park, Hitchin, SG6 4LF, United Kingdom",SG6 4LF,Hitchin,51.9814829,-0.2520512,,,museum
51fb1eb0bc6ddb82bf595692e2de56d94940f00102f901adbff64d0000000092032357616c7468616d20416262657920526f79616c2047756e706f77646572204d696c6c73,Waltham Abbey Royal Gunpowder Mills,"Waltham Abbey Royal Gunpowder Mills, Beaulieu Drive, Epping Forest, EN9 1JY, United Kingdom",EN9 1JY,Epping Forest,51.6976648,-0.0084489,https://www.royalgunpowdermills.com/,,museum
519dfccc0f12d8d7bf59a824a1e359d44940f00103f9019721e6b60200000092031131393430277320457870657269656e6365,1940's Experience,"1940's Experience, Lincoln Field, Bushey, WD23 2ES, United Kingdom",WD23 2ES,Hertsmere,51.6589932,-0.3725629,,,museum
5178d15790662cc8bf599ef7b5e4a7fe4940f00103f90134d440010000000092030e42616c646f636b204d757365756d,Baldock Museum,"Baldock Museum, High Street, Baldock, SG7 6AR, United Kingdom",SG7 6AR,North Hertfordshire,51.9894987,-0.188855,https://baldockhistory.org.uk/ab-baldock-museum/,"We,Fr,Sa 11:00-15:00",museum
510c6cdfed8b95b4bf594aa01c6041d34940f00103f901cc7c81be0000000092031544756764616c652043656e747265204d757365756d,Dugdale Centre Museum,"Dugdale Centre Museum, London Road, London, EN2 6EL, United Kingdom",EN2 6EL,Greater London,51.6504326,-0.0804069,https://www.dugdaleartscentre.co.uk/museum,,museum
51db14a4840460373f5971b28daae4d74940f00102f901d0d6c24c0000000092031d457070696e6720466f72657374204469737472696374204d757365756d,Epping Forest District Museum,"Epping Forest District Museum, 39-41 Sun Street, Epping Forest, EN9 1EL, United Kingdom",EN9 1EL,Epping Forest,51.6866732,0.0003577,https://www.eppingforestdc.gov.uk/leisure/epping-forest-district-museum/,"Tu,We,Fr,Sa 10:00-16:00",museum
510282397afc5ed7bf59607c2cd8a1d24940f00103f901116805170000000092030d427573686579204d757365756d,Bushey Museum,"Bushey Museum, Rudolph Road, Bushey, WD23 3DU, United Kingdom",WD23 3DU,Hertsmere,51.6455641,-0.3651725,https://busheymuseum.org,,museum
51583ffb9e4040b23f591880d01543ed4940f00102f901a4ab3c4e000000009203184d7563682048616468616d20466f726765204d757365756d,Much Hadham Forge Museum,"Much Hadham Forge Museum, High Street, Much Hadham, SG10 6BS, United Kingdom",SG10 6BS,East Hertfordshire,51.8535991,0.0713053,https://hadhammuseum.org.uk/,,museum
51d0b3e013f708d9bf59db73dff775d34940f00102f90127e8412f0000000092030e576174666f7264204d757365756d,Watford Museum,"Watford Museum, Wellspring Way, Watford, WD17 2DT, United Kingdom",WD17 2DT,Watford,51.6520906,-0.391228,,,museum
51fc16641018d1b43f5991ab85eefcea4940f00102f901f671c81f0000000092031d48656e7279204d6f6f72652053747564696f7320262047617264656e73,Henry Moore Studios & Gardens,"Henry Moore Studios & Gardens, Bourne Lane, Perry Green, SG10 6EE, United Kingdom",SG10 6EE,East Hertfordshire,51.8357408,0.0810173,https://www.henry-moore.org/,,museum
519c734b06dbe390bf59361fd7868ad54940f00103f9018fa0cdd60100000092031952534120496e746572707265746174696f6e2043656e747265,RSA Interpretation Centre,"RSA Interpretation Centre, 12 Island Centre Way, London, EN3 6GS, United Kingdom",EN3 6GS,Greater London,51.66829,-0.0164942,https://www.rsaf.org.uk/2017/04/12/discover-the-rsa-interpretation-centre-londons-industrial-lea-valley-heritage/,,museum
5136c24769db55d5bf59f3075e8830d04940f00103f901b4a25f920000000092031542656e746c6579205072696f7279204d757365756d,Bentley Priory Museum,"Bentley Priory Museum, Mansion House Drive, London, HA7 3FB, United Kingdom",HA7 3FB,Greater London,51.6264811,-0.3333653,https://bentleypriorymuseum.org.uk/,,museum
51445189a0578dcebf597bedaa4287cc4940f00102f901d55c16070000000092030a524146204d757365756d,RAF Museum,"RAF Museum, Runway Close, London, NW9 5FA, United Kingdom",NW9 5FA,Greater London,51.5980125,-0.2389297,https://www.rafmuseum.org.uk/london,Mo-Su 10:00-17:00,museum
510de37feff7bccebf5937c674ba73cc4940f00102f901e56643000000000092030848616e6761722031,Hangar 1,"Hangar 1, Grahame Park Way, London, NW9 5TW, United Kingdom",NW9 5TW,Greater London,51.5972818,-0.2401419,,,museum
51ddb820b64f226d3f5921e461461dd34940f00103f9013f982a1603000000920323546865204869727363682046616d696c7920416476656e747572652047616c6c657279,The Hirsch Family Adventure Gallery,"The Hirsch Family Adventure Gallery, London, E4 7QW, United Kingdom",E4 7QW,Greater London,51.6493309,0.0035564,https://www.scoutadventures.org.uk/gilwell-park-heritage,,museum
515a960554bde7c8bf59c8cc909b5dcc4940f00102f9012c54030b000000009203155370696b65204d696c6c6967616e204d757365756d,Spike Milligan Museum,"Spike Milligan Museum, East End Road, London, N3 3QT, United Kingdom",N3 3QT,Greater London,51.5966028,-0.194577,,,museum
51158f8b6a1111e2bf59a3e5e55542e14940f00103f9013e7a8aeb020000009203104461636f72756d204865726974616765,Dacorum Heritage,"Dacorum Heritage, Clarence Road, Northchurch, HP4 3YL, United Kingdom",HP4 3YL,Dacorum,51.7598369,-0.5645835,https://dacorumheritage.org.uk/,"""by appointment""",museum
51f6fbb44071b6bf3f594e000f56ade34940f00103f901935127860000000092031e4861726c6f77204d757365756d20262057616c6c65642047617264656e73,Harlow Museum & Walled Gardens,"Harlow Museum & Walled Gardens, Muskham Road, Harlow, CM20 2LF, United Kingdom",CM20 2LF,Harlow,51.7787273,0.1238776,https://www.harlowmuseum.com,"Tu,Th,Sa 09:30-15:30",museum
51a8c7b60c384bb3bf59008ba141afcc4940f00103f90172c45e4f02000000920313427275636520436173746c65204d757365756d,Bruce Castle Museum,"Bruce Castle Museum, Lordship Lane, Tottenham, N17 8NU, United Kingdom",N17 8NU,Greater London,51.5990984,-0.0753665,https://brucecastle.org/visit/opening-hours,We-Su 13:00-17:00,museum
519ffeff1eafacd6bf59505a3d8c1acc4940f00102f901bcab55210000000092030d486172726f77204d757365756d,Harrow Museum,"Harrow Museum, Pinner View, London, HA2 6PX, United Kingdom",HA2 6PX,Greater London,51.5946339,-0.3540475,,,museum
51a6327b8fe9bfc3bf594f8b660a42054a40f00103f901ae8c72100000000092031641736877656c6c2056696c6c616765204d757365756d,Ashwell Village Museum,"Ashwell Village Museum, Alms Lane, Ashwell, SG7 5NY, United Kingdom",SG7 5NY,North Hertfordshire,52.0410779,-0.1542942,https://www.ashwellmuseum.org.uk/,,museum
5183fb809540cfbc3f59db35f6759fd84940f00102f901046d855000000000920318457070696e67205369676e616c6c696e67204d757365756d,Epping Signalling Museum,"Epping Signalling Museum, Woodland Grove, Ivy Chimneys, CM16 4HW, United Kingdom",CM16 4HW,Epping Forest,51.6923134,0.1125147,,Mar-Nov Sa 10:00-16:30,museum
51054b404152bfd8bf599f41a5edddcb4940f00102f901ea171f1a00000000920315486561746820526f62696e736f6e204d757365756d,Heath Robinson Museum,"Heath Robinson Museum, West End Lane, London, HA5 1AE, United Kingdom",HA5 1AE,Greater London,51.592676,-0.3867013,https://www.heathrobinsonmuseum.org/,Th-Su 11:00-16:00,museum
51a629478ee70bc3bf594b2c7eba40c94940f00102f9012c262533000000009203164869676867617465205363686f6f6c204d757365756d,Highgate School Museum,"Highgate School Museum, Southwood Lane, London, N6 5EB, United Kingdom",N6 5EB,Greater London,51.5722878,-0.1488008,,Sa 10:00-13:00,museum
51739b15f6590ac3bf59203b14aa40c94940f00103f9016b57f5cb000000009203164869676867617465205363686f6f6c204d757365756d,Highgate School Museum,"Highgate School Museum, Southwood Lane, London, N6 5EB, United Kingdom",N6 5EB,Greater London,51.5722859,-0.1487534,https://www.highgateschool.org.uk/news/33-lent-2015/1219-highgate-school-museum,Sa 10:00-13:00,museum
515406e5461b76d5bf59b948535771c94940f00102f9016609080b000000009203154d757365756d206f6620486172726f77204c696665,Museum of Harrow Life,"Museum of Harrow Life, Football Lane, London, HA1 3EZ, United Kingdom",HA1 3EZ,Greater London,51.5737749,-0.3353453,,Su 14:30-16:30,museum
51308a79b18bfdc43f5927e0320285ee4940f00103f9011f5ffceb02000000920319426973686f7027732053746f7274666f7264204d757365756d,Bishop's Stortford Museum,"Bishop's Stortford Museum, 1-3 South Road, Thorley, CM23 3JG, United Kingdom",CM23 3JG,East Hertfordshire,51.8634341,0.1639876,https://southmillarts.co.uk/stortford-museum,,museum
51b46e2821fddbe3bf5919d7aebfdbe44940f00103f901d01016100000000092030e4e657767726f756e64204661726d,Newground Farm,"Newground Farm, A4251, Cow Roast, HP23 5FR, United Kingdom",HP23 5FR,Dacorum,51.7879562,-0.6206041,,,museum
517fe49608327bafbf59ed63740d79ca4940f00102f901ea37e3060000000092031e4d61726b6669656c64204265616d20456e67696e652026204d757365756d,Markfield Beam Engine & Museum,"Markfield Beam Engine & Museum, Markfield Road, London, N15 4RB, United Kingdom",N15 4RB,Greater London,51.5818285,-0.0615125,https://www.mbeam.org/,,museum
51ef37da71c36fd7bf59f9c73148b0054a40f00103f9012549b90f0200000092031c4d696c697461727920496e74656c6c6967656e6365204d757365756d,Military Intelligence Museum,"Military Intelligence Museum, Nimrod Drive, Shefford, SG17 5PR, United Kingdom",SG17 5PR,Shefford,52.0444422,-0.3661965,https://www.militaryintelligencemuseum.org/,,museum
51963325a314beb8bf59d805cdf808c94940f00103f9011684f3c7020000009203164d757365756d206f6620486f6d656c6573736e657373,Museum of Homelessness,"Museum of Homelessness, Seven Sisters Road, London, N4 2DE, United Kingdom",N4 2DE,Greater London,51.5705863,-0.0966504,https://museumofhomelessness.org/,,museum
51e1d17e8b86ffc6bf59e52b2d7989c74940f00102f901056594060000000092030c46656e746f6e20486f757365,Fenton House,"Fenton House, Hampstead Grove, London, NW3 6SP, United Kingdom",NW3 6SP,Greater London,51.5588798,-0.1796957,https://www.nationaltrust.org.uk/visit/london/fenton-house-and-garden,,museum
51ed209ce2d2c494bf597bb08076afcb4940f00102f9019f9ad50a0000000092031657696c6c69616d204d6f727269732047616c6c657279,William Morris Gallery,"William Morris Gallery, Forest Road, London, E17 4PP, United Kingdom",E17 4PP,Greater London,51.5912939,-0.0202951,https://www.wmgallery.org.uk/,10:00-17:00; May-Sep Fr-We off; May-Sep Th 10:00-20:00,museum
51e117cbd80168c6bf59a770c23c73c74940f00102f90182c19a0400000000920320427572676820486f75736520616e642048616d707374656164204d757365756d,Burgh House and Hampstead Museum,"Burgh House and Hampstead Museum, New End Square, London, NW3 1LT, United Kingdom",NW3 1LT,Greater London,51.5581914,-0.1750378,https://www.burghhouse.org.uk/,,restaurant
519d03159f4cedc33f59072461df4edb4940f00103f9013f70a78d0000000092031b4e6f727468205765616c64204169726669656c64204d757365756d,North Weald Airfield Museum,"North Weald Airfield Museum, Hurricane Way, North Weald Bassett, CM16 6AA, United Kingdom",CM16 6AA,Epping Forest,51.7133445,0.1556793,https://nwamuseum.co.uk/,,museum
518efba078df82e4bf5994c72eac76ea4940f00103f901cf88610f0000000092031550697473746f6e6520477265656e204d757365756d,Pitstone Green Museum,"Pitstone Green Museum, Vicarage Road, Leighton Buzzard, LU7 9EY, United Kingdom",LU7 9EY,Leighton Buzzard,51.8317466,-0.6409757,https://www.pitstonemuseum.co.uk/,,museum
51f83e0bf8eb04c53f596e92d56311db4940f00103f901e15c80b200000000920318457070696e6720416e64204f6e676172205261696c776179,Epping And Ongar Railway,"Epping And Ongar Railway, Station Road, North Weald Bassett, CM16 6BT, United Kingdom",CM16 6BT,Epping Forest,51.7114682,0.1642127,https://www.eorailway.co.uk/,09:00-17:00,museum
51ef2282a2ecb6a1bf59ff783744d3c94940f00102f901ff32ef040000000092031c57616c7468616d73746f772050756d70686f757365204d757365756d,Walthamstow Pumphouse Museum,"Walthamstow Pumphouse Museum, 10 South Access Road, Walthamstow, E17 8AX, United Kingdom",E17 8AX,Greater London,51.5767594,-0.0346116,https://walthamstowpumphouse.org.uk/,Su 10:30-15:30,museum
515d4552e9104e8abf5935d0bc11c3ca4940f00102f9010d536d010000000092031356657374727920486f757365204d757365756d,Vestry House Museum,"Vestry House Museum, 2 Vestry Road, London, E17 9NH, United Kingdom",E17 9NH,Greater London,51.5840721,-0.0128381,https://vestryhousemuseum.org.uk/,,museum
51c25c9bb0cdb4c6bf5946dbe00e2fc64940f00102f901384b2506000000009203134672657564204d757365756d204c6f6e646f6e,Freud Museum London,"Freud Museum London, 20 Maresfield Gardens, London, NW3 5SX, United Kingdom",NW3 5SX,Greater London,51.5483391,-0.1773926,https://freud.org.uk,We-Su 10:30-17:00,museum
517d36bc6aaf4fcdbf5973e1f6bafbc54940f00103f90138f6e15b0100000092030c4272656e74204d757365756d,Brent Museum,"Brent Museum, 95 High Road, London, NW10 2SF, United Kingdom",NW10 2SF,Greater London,51.5467447,-0.2289943,https://www.brent.gov.uk/libraries-arts-and-heritage/brent-museum-and-archives,,museum
51283b472e49afbbbf5974c3a51941c74940f00103f90181400c140000000092030e417273656e616c204d757365756d,Arsenal Museum,"Arsenal Museum, Drayton Park, London, N5 1GB, United Kingdom",N5 1GB,Greater London,51.5566742,-0.1081434,https://www.arsenal.com/history/the-arsenal-museum,,museum
510cb0dde60b59dbbf59f4796ee114ca4940f00102f9015a106b25000000009203104d616e6f72204661726d20486f757365,Manor Farm House,"Manor Farm House, Eastcote Road, Ruislip, HA4 8BD, United Kingdom",HA4 8BD,Greater London,51.5787753,-0.4273198,,,museum
51cb3560ebad5cdbbf5926ac8db113ca4940f00103f901b1510c14000000009203124d616e6f72204661726d20436f6d706c6578,Manor Farm Complex,"Manor Farm Complex, Eastcote Road, Ruislip, HA4 8BD, United Kingdom",HA4 8BD,Greater London,51.578726,-0.4275317,https://www.hillingdon.gov.uk/manor-farm,,museum
51341b109b715adbbf59149e14c00dca4940f00102f9015c106b25000000009203095072616d2053686564,Pram Shed,"Pram Shed, R152, London, HA4 8BD, United Kingdom",HA4 8BD,Greater London,51.5785446,-0.4273952,,,museum
51bf688f17d2e199bf59f857eab449064a40f00102f901b93a42210000000092031b526f7973746f6e20616e64204469737472696374204d757365756d,Royston and District Museum,"Royston and District Museum, 5 Lower King Street, Royston, SG8 5AL, United Kingdom",SG8 5AL,North Hertfordshire,52.0491244,-0.0252755,https://www.roystonmuseum.org.uk/,,museum
519f529f50f4659abf593f7a1e3757064a40f00102f901097fd7150000000092031b526f7973746f6e20616e64204469737472696374204d757365756d,Royston and District Museum,"Royston and District Museum, Kneesworth Street, Royston, SG8 5AB, United Kingdom",SG8 5AB,North Hertfordshire,52.0495366,-0.0257795,,,museum
51315849e52d14e5bf5939bc1f9dcae54940f00102f901cbf03f1d0000000092031a5472696e67204c6f63616c20486973746f7279204d757365756d,Tring Local History Museum,"Tring Local History Museum, Brook Street, Wigginton, HP23 5ED, United Kingdom",HP23 5ED,Dacorum,51.7952441,-0.6587033,http://www.tringlocalhistorymuseum.org.uk/,Mar-Oct: Fr-Sa 10:00-16:00; Nov-Feb: Fr-Sa 10:00-15:30,museum
51e185fa3d4b27e5bf5965c490583be54940f00102f90107e09a180000000092031f4e61747572616c20486973746f7279204d757365756d206174205472696e67,Natural History Museum at Tring,"Natural History Museum at Tring, Akeman Street, Wigginton, HP23 6AP, United Kingdom",HP23 6AP,Dacorum,51.7908399,-0.6612289,https://www.nhm.ac.uk/tring,,museum
51c5c6bc8e3864c1bf5973c2df8a1fc54940f00103f901fdcf3640030000009203174d757365756d204f6620596f7574682043756c74757265,Museum Of Youth Culture,"Museum Of Youth Culture, 51 St. Pancras Way, London, NW1 0PU, United Kingdom",NW1 0PU,Greater London,51.5400251,-0.135871,https://museumofyouthculture.com/,We-Sa 12:00-20:00; Su 12:00-18:00,museum
5161dbdab4ba81c2bf590f23b25fc6c44940f00102f9011a14dd0d00000000920311546865204a6577697368204d757365756d,The Jewish Museum,"The Jewish Museum, 129-131 Albert Street, London, NW1 7NB, United Kingdom",NW1 7NB,Greater London,51.5373005,-0.1445813,https://jewishmuseum.org.uk/,,museum
51f6b65653eb82dabf59cc18261662c74940f00102f9017b51e30900000000920322536972204b65697468205061726b204f7065726174696f6e73204275696c64696e67,Sir Keith Park Operations Building,"Sir Keith Park Operations Building, West End Road, Ruislip, HA4 6NG, United Kingdom",HA4 6NG,Greater London,51.5576586,-0.4143001,,,museum
5128e906af0221c0bf59fe704683cac44940f00103f901e1fd2a90020000009203094c69676874726f6f6d,Lightroom,"Lightroom, 12, London, N1C 4DY, United Kingdom",N1C 4DY,Greater London,51.5374302,-0.1260074,https://lightroom.uk,,museum
51430454ebb9c3c93f598d9797749ef34940f00102f9017bc53b4200000000920318486f757365206f6e207468652048696c6c204d757365756d,House on the Hill Museum,"House on the Hill Museum, Grove Hill, Bentfield, CM24 8SR, United Kingdom",CM24 8SR,Uttlesford,51.903285,0.2012839,https://stanstedtoymuseum.com/,,museum
51a4f1fb60aecfc93f59f74200cc90f34940f00102f9011600f20c0000000092031c5374616e73746564204d6f756e746669746368657420436173746c65,Stansted Mountfitchet Castle,"Stansted Mountfitchet Castle, Grove Hill, Bentfield, CM24 8LT, United Kingdom",CM24 8LT,Uttlesford,51.9028895,0.2016745,https://mountfitchetcastle.com/,,museum
51843ccca843b8bfbf599e899fb591c44940f00103f901816e68620200000092030d5175656572204272697461696e,Queer Britain,"Queer Britain, 2 Granary Square, London, N1C 4BH, United Kingdom",N1C 4BH,Greater London,51.5356967,-0.1239054,https://queerbritain.org.uk/,Mo-Tu off; We-Su 12:00-18:00,museum
51d9da59b6cd52e2bf5922e93c17b2d04940f00102f9016ac6a51b000000009203104d696c746f6e277320436f7474616765,Milton's Cottage,"Milton's Cottage, 21 Dean Way, Chalfont St Giles, HP8 4JH, United Kingdom",HP8 4JH,Chalfont St Giles,51.6304439,-0.5726207,https://www.miltonscottage.org/,,museum
518f368e588b4fc6bf59fd304278b4c34940f00103f90182baeb84010000009203194c6f72642773204d434320437269636b6574204d757365756d,Lord's MCC Cricket Museum,"Lord's MCC Cricket Museum, St John's Wood Road, London, NW8 8QN, United Kingdom",NW8 8QN,City of Westminster,51.528945,-0.1743025,https://www.lords.org/mcc/heritage-collections,,museum
51053cc49a25dce4bf5985c146a34cf44940f00103f901f18452ec0200000092031f4c65696768746f6e2042757a7a617264205261696c776179204d757365756d,Leighton Buzzard Railway Museum,"Leighton Buzzard Railway Museum, Claridge Close, Leighton Buzzard, LU7 4TT, United Kingdom",LU7 4TT,Leighton Buzzard,51.9085888,-0.6518734,https://www.buzzrail.uk/help-us/greensand-railway-museum-trust/,,museum
51a2859864e1c5bebf5965b3374661c44940f00102f901fddb5f0b000000009203134c6f6e646f6e2043616e616c204d757365756d,London Canal Museum,"London Canal Museum, 12-13 New Wharf Road, London, N1 9RT, United Kingdom",N1 9RT,Greater London,51.5342186,-0.1202069,https://canalmuseum.org.uk/,Tu-Su 10:00-16:30; PH Mo 10:00-16:30; Dec 23-Jan 01 Off,museum
51810e4e9f7829c6bf5944e5ba849ec34940f00103f901ef197a17020000009203134d4343204d757365756d20616e6420546f7572,MCC Museum and Tour,"MCC Museum and Tour, St John's Wood Road, London, NW8 8QN, United Kingdom",NW8 8QN,City of Westminster,51.5282751,-0.1731406,https://www.lords.org/lords/lord-s-experience/tours,,museum
51cae9a16c80c8e3bf59544e20915bd54940f00103f90173c296400000000092030f416d65727368616d204d757365756d,Amersham Museum,"Amersham Museum, 49 High Street, Amersham, HP7 0DP, United Kingdom",HP7 0DP,Amersham,51.6668569,-0.6182253,https://amershammuseum.org/,We-Su 12:00-16:30; PH 12:00-16:30,museum
51454b79083e61c0bf5905a6d3ba0dc44940f00103f901dd9bca2b01000000920310437269636b2045786869626974696f6e,Crick Exhibition,"Crick Exhibition, 1 Midland Road, London, NW1 1AT, United Kingdom",NW1 1AT,Greater London,51.531669,-0.1279676,https://www.crick.ac.uk/whats-on/exhibitions,We 10:00-20:00; Th-Sa 10:00-16:00; Su-Tu off,museum
51ffbffbf4e9c2c0bf5980dd9f41f9c34940f00103f901a6a407100300000092031b50656f706c652773204d757365756d20536f6d65727320546f776e,People's Museum Somers Town,"People's Museum Somers Town, 52 Phoenix Road, London, NW1 1ES, United Kingdom",NW1 1ES,Greater London,51.5310442,-0.1309483,https://aspaceforus.club/about-us/,"Tu - Fr 0900 -1600, Sa 1100 - 1400",museum
51448a01124da0acbf59b1fb8ee1b1c54940f00103f901ad48df5c0000000092030e4861636b6e6579204d757365756d,Hackney Museum,"Hackney Museum, 285 Mare Street, London, E8 1GR, United Kingdom",E8 1GR,Greater London,51.544491,-0.0559105,https://hackney-museum.hackney.gov.uk/,"Tu,We,Fr 09:30-17:30; Th 09:30-20:00; Sa 10:00-17:00; Su-Mo off; PH off",museum
516394fa1e12ffcabf59be35179182e64940f00102f901320c7c0b000000009203104672616e6b696527732047617264656e,Frankie's Garden,"Frankie's Garden, Guessens Road, Welwyn Garden City, AL8 6RE, United Kingdom",AL8 6RE,Welwyn Hatfield,51.8008385,-0.2109211,,,playground
51673c5a0f22d2c9bf594cc0a0e613e64940f00102f9015cf81829000000009203104d697261676520506c61792041726561,Mirage Play Area,"Mirage Play Area, Penn Way, Welwyn Garden City, AL7 3EE, United Kingdom",AL7 3EE,Welwyn Hatfield,51.7974823,-0.2017253,,,playground
510d36ee797ae9c4bf5908da2148f5e54940f00102f901dc2ebf10000000009203134d6f6e6579686f6c65204c616e65205061726b,Moneyhole Lane Park,"Moneyhole Lane Park, Green Lane, Welwyn Garden City, AL7 2RT, United Kingdom",AL7 2RT,Welwyn Hatfield,51.7965573,-0.1633262,,,playground
5152e565554aedc4bf59ec13fdb5e4e54940f00102f9017a2fbf10000000009203134d6f6e6579686f6c65204c616e65205061726b,Moneyhole Lane Park,"Moneyhole Lane Park, Green Lane, Welwyn Garden City, AL7 2RT, United Kingdom",AL7 2RT,Welwyn Hatfield,51.7960381,-0.1634908,,,playground
5170fb6c64115bcdbf59deef93871be24940f00102f90116ed0b2d000000009203124275726c6569676820506c61792041726561,Burleigh Play Area,"Burleigh Play Area, Wellfield Road, Stanborough, AL10 0DB, United Kingdom",AL10 0DB,Welwyn Hatfield,51.7665339,-0.2293839,,,playground
