id,user_id,latitude,longitude,radius,category,result_count,searched_at
1,3,51.761223,-0.366277,5000,catering.cafe,23,2026-09-05 10:47:00
2,2,51.758165,-0.088789,15000,catering.restaurant,27,2026-08-23 08:05:00
3,2,51.812302,-0.283086,5000,catering.restaurant,27,2026-09-06 14:26:00
4,2,51.939303,-0.248043,5000,leisure.playground,8,2026-08-23 12:09:00
5,3,51.901782,-0.012161,15000,catering.cafe,17,2026-08-18 16:38:00
6,3,51.844338,-0.027257,5000,catering.restaurant,29,2026-08-01 14:53:00
7,2,51.916621,-0.221924,10000,entertainment.museum,10,2026-08-14 18:54:00
8,3,51.875455,-0.039871,5000,catering.restaurant,22,2026-08-19 12:42:00
9,3,51.767487,0.105235,15000,catering.restaurant,26,2026-09-11 12:29:00
10,2,51.757262,-0.43074,10000,leisure.playground,13,2026-08-16 16:49:00
11,3,51.753157,-0.150461,15000,leisure.playground,9,2026-07-31 12:36:00
12,3,51.886753,-0.19294,15000,leisure.playground,16,2026-08-12 10:47:00
13,3,51.722727,-0.42173,5000,catering.restaurant,25,2026-08-10 18:08:00
14,2,51.796192,-0.092467,10000,entertainment.museum,22,2026-08-06 16:27:00
15,2,51.870428,-0.127818,10000,entertainment.museum,8,2026-09-20 18:43:00
16,2,51.938454,0.075512,10000,catering.restaurant,21,2026-08-14 12:29:00
17,3,51.910417,-0.145402,5000,catering.restaurant,16,2026-09-23 10:40:00
18,2,51.849736,-0.156837,5000,entertainment.museum,30,2026-09-13 10:49:00
19,2,51.721413,-0.158406,5000,catering.restaurant,9,2026-08-15 12:15:00
20,2,51.766264,0.07346,10000,catering.restaurant,22,2026-09-07 12:35:00
21,3,51.799748,-0.046988,10000,leisure.playground,21,2026-09-13 14:12:00
22,2,51.784521,-0.097015,5000,catering.restaurant,5,2026-08-24 10:14:00
23,2,51.71685,-0.431152,10000,catering.cafe,21,2026-07-31 14:03:00
24,2,51.834808,-0.015988,15000,leisure.playground,12,2026-08-11 12:31:00
25,2,51.723581,-0.05461,10000,leisure.playground,18,2026-09-15 12:26:00
26,2,51.715153,-0.013072,5000,catering.restaurant,11,2026-08-25 16:03:00
27,3,51.745872,-0.172423,5000,leisure.playground,30,2026-08-08 14:08:00
28,2,51.863036,-0.125647,5000,catering.cafe,29,2026-09-20 16:06:00
29,3,51.82034,0.06879,5000,catering.restaurant,17,2026-09-19 12:26:00
30,3,51.771312,-0.032045,15000,leisure.playground,9,2026-07-27 18:16:00
31,2,51.886994,-0.415701,15000,leisure.playground,21,2026-08-08 12:03:00
32,2,51.940195,-0.401933,5000,catering.cafe,24,2026-09-23 16:10:00
33,3,51.729972,0.084172,5000,catering.cafe,24,2026-07-31 14:15:00
34,3,51.933677,-0.327444,15000,entertainment.museum,12,2026-08-01 12:37:00
35,3,51.814306,0.107411,5000,catering.cafe,19,2026-08-12 12:42:00
36,2,51.834409,-0.146469,5000,entertainment.museum,7,2026-09-04 18:06:00
37,2,51.809546,-0.124069,10000,catering.cafe,26,2026-09-21 12:18:00
38,2,51.934733,-0.369425,5000,catering.cafe,28,2026-09-17 14:59:00
39,2,51.879403,-0.327842,15000,entertainment.museum,21,2026-08-31 10:18:00
40,2,51.723075,-0.195855,10000,catering.cafe,5,2026-08-27 12:58:00
41,3,51.740395,-0.184899,15000,leisure.playground,22,2026-08-17 16:40:00
42,2,51.836398,0.050757,15000,catering.restaurant,18,2026-07-27 10:56:00
43,2,51.924731,-0.323954,5000,catering.cafe,16,2026-08-04 08:23:00
44,3,51.943459,-0.000313,5000,catering.restaurant,30,2026-09-14 14:55:00
45,2,51.74484,0.104692,10000,catering.restaurant,13,2026-09-16 10:26:00
46,3,51.918042,0.065156,5000,catering.restaurant,19,2026-08-06 16:06:00
47,2,51.755731,-0.05398,10000,entertainment.museum,13,2026-08-18 12:50:00
48,3,51.787787,-0.144357,15000,entertainment.museum,5,2026-09-20 10:49:00
49,2,51.845147,0.14013,5000,catering.cafe,24,2026-08-03 16:16:00
50,3,51.809098,0.140542,5000,leisure.playground,23,2026-08-23 12:50:00
51,3,51.700423,0.105345,15000,catering.restaurant,16,2026-08-08 12:45:00
52,3,51.855789,-0.051968,5000,entertainment.museum,21,2026-08-23 10:42:00
53,3,51.874302,-0.117353,5000,leisure.playground,26,2026-08-15 14:20:00
54,2,51.853879,-0.26943,15000,catering.cafe,14,2026-08-20 14:57:00
55,3,51.816247,-0.184704,5000,leisure.playground,30,2026-08-14 12:50:00
56,2,51.864713,-0.279728,15000,entertainment.museum,7,2026-09-22 18:47:00
57,3,51.75616,-0.330522,5000,catering.cafe,12,2026-09-17 18:15:00
58,2,51.813854,0.081682,15000,catering.restaurant,27,2026-08-26 14:49:00
59,2,51.736893,-0.037427,5000,leisure.playground,12,2026-09-09 12:25:00
60,3,51.712555,-0.300481,5000,leisure.playground,9,2026-08-07 16:44:00
61,3,51.93751,0.084856,15000,leisure.playground,22,2026-09-16 12:33:00
62,3,51.812517,0.001066,15000,entertainment.museum,29,2026-08-24 16:47:00
63,2,51.768649,-0.40351,10000,catering.restaurant,13,2026-09-14 14:40:00
64,2,51.734594,-0.311243,15000,catering.restaurant,27,2026-08-17 12:34:00
65,3,51.835653,-0.200535,5000,leisure.playground,17,2026-08-09 10:26:00
66,2,51.914183,0.009357,10000,leisure.playground,5,2026-09-22 16:44:00
67,3,51.834555,-0.00922,15000,catering.restaurant,20,2026-08-18 12:24:00
68,2,51.797214,-0.048676,10000,catering.restaurant,19,2026-08-10 12:31:00
69,2,51.926732,-0.094864,15000,catering.cafe,7,2026-09-23 10:39:00
70,3,51.745432,-0.293906,10000,catering.restaurant,19,2026-09-06 12:55:00
71,3,51.769564,0.120722,10000,entertainment.museum,7,2026-08-16 12:56:00
72,2,51.949977,-0.240024,15000,catering.cafe,29,2026-08-26 08:34:00
73,2,51.74984,-0.437772,5000,catering.restaurant,9,2026-09-06 08:01:00
74,2,51.816258,-0.296254,10000,catering.restaurant,24,2026-08-26 14:36:00
75,2,51.894448,-0.351741,10000,catering.cafe,23,2026-09-03 18:45:00
76,3,51.799164,-0.020991,5000,catering.restaurant,8,2026-07-28 18:36:00
77,2,51.899057,-0.11044,5000,entertainment.museum,22,2026-09-09 16:54:00
78,3,51.703163,-0.197965,10000,catering.cafe,18,2026-08-23 14:04:00
79,3,51.876827,-0.188708,15000,entertainment.museum,24,2026-08-19 14:53:00
80,3,51.816218,0.045441,15000,entertainment.museum,15,2026-09-16 18:49:00
81,2,51.769732,-0.179519,10000,leisure.playground,15,2026-09-19 12:59:00
82,2,51.821887,-0.237105,10000,entertainment.museum,13,2026-07-28 12:20:00
83,3,51.838948,-0.140024,5000,catering.cafe,12,2026-09-21 14:56:00
84,2,51.872652,-0.062458,10000,leisure.playground,30,2026-09-11 12:35:00
85,3,51.872947,-0.266276,15000,entertainment.museum,20,2026-07-28 10:14:00
86,3,51.787953,-0.177753,10000,entertainment.museum,12,2026-08-31 14:27:00
87,2,51.88572,0.120527,15000,catering.restaurant,11,2026-08-03 14:20:00
88,3,51.945128,0.049577,10000,catering.restaurant,16,2026-08-09 14:17:00
89,2,51.768578,0.134577,15000,entertainment.museum,27,2026-08-07 12:45:00
90,3,51.725647,-0.442641,10000,leisure.playground,20,2026-08-04 14:48:00
91,3,51.935266,-0.163362,5000,leisure.playground,20,2026-08-24 12:03:00
92,2,51.737932,0.036685,10000,catering.cafe,12,2026-07-31 14:43:00
93,2,51.893923,-0.221773,10000,entertainment.museum,23,2026-08-03 14:26:00
94,2,51.852408,-0.005946,5000,catering.restaurant,13,2026-08-23 12:39:00
95,2,51.837998,-0.35608,10000,leisure.playground,27,2026-09-07 10:15:00
96,2,51.772026,-0.280369,10000,catering.cafe,26,2026-09-03 12:02:00
97,2,51.806285,-0.123263,15000,catering.restaurant,13,2026-08-10 18:50:00
98,2,51.898157,-0.092974,15000,entertainment.museum,19,2026-09-17 10:03:00
99,3,51.935669,-0.149717,10000,leisure.playground,7,2026-08-03 12:19:00
100,3,51.850928,-0.434481,5000,catering.cafe,29,2026-09-03 08:27:00
101,2,51.890777,-0.344886,15000,leisure.playground,13,2026-09-08 16:36:00
102,3,51.942264,-0.167994,10000,entertainment.museum,15,2026-08-07 18:27:00
103,3,51.802911,-0.152719,15000,leisure.playground,29,2026-09-07 10:10:00
104,3,51.7631,-0.380447,10000,catering.cafe,26,2026-08-31 08:05:00
105,2,51.746896,-0.232932,10000,leisure.playground,29,2026-09-20 14:26:00
106,2,51.931918,-0.18713,15000,leisure.playground,8,2026-07-30 12:35:00
107,2,51.877446,-0.26355,5000,leisure.playground,7,2026-07-28 18:38:00
108,2,51.815362,-0.37952,5000,leisure.playground,27,2026-08-10 18:58:00
109,3,51.908681,0.138147,5000,leisure.playground,22,2026-08-14 14:17:00
110,2,51.916007,-0.284252,10000,entertainment.museum,30,2026-08-05 12:58:00
111,3,51.881513,0.052486,15000,leisure.playground,9,2026-08-28 12:00:00
112,3,51.837979,-0.123942,10000,entertainment.museum,11,2026-08-24 14:22:00
113,2,51.914003,-0.203535,10000,leisure.playground,27,2026-09-09 12:24:00
114,2,51.823832,-0.427788,15000,entertainment.museum,8,2026-09-23 16:24:00
115,3,51.703837,-0.363507,15000,catering.restaurant,7,2026-09-20 16:06:00
116,3,51.855815,-0.21151,5000,entertainment.museum,26,2026-08-26 16:16:00
117,3,51.918096,-0.428461,5000,catering.restaurant,25,2026-09-19 14:20:00
118,2,51.808493,-0.390934,15000,catering.cafe,19,2026-09-08 18:14:00
119,2,51.711498,0.027686,10000,entertainment.museum,16,2026-08-06 14:57:00
120,3,51.841482,0.025512,5000,catering.restaurant,7,2026-08-23 10:33:00
121,2,51.824417,-0.100106,5000,leisure.playground,25,2026-09-04 16:39:00
122,2,51.924727,-0.170848,10000,catering.restaurant,7,2026-08-12 12:42:00
123,3,51.859735,-0.195415,10000,leisure.playground,14,2026-08-24 18:37:00
124,3,51.726663,-0.221181,10000,entertainment.museum,27,2026-08-08 18:54:00
125,3,51.76862,-0.110443,15000,catering.cafe,24,2026-08-14 08:53:00
126,3,51.893935,-0.311929,10000,catering.restaurant,25,2026-09-12 12:57:00
127,2,51.857062,0.092042,15000,catering.cafe,14,2026-08-08 14:43:00
128,3,51.88309,-0.39592,10000,entertainment.museum,28,2026-09-15 12:37:00
129,3,51.832713,0.098092,5000,entertainment.museum,20,2026-08-22 10:08:00
130,3,51.901058,-0.169001,5000,catering.restaurant,29,2026-09-16 12:55:00
131,3,51.941817,0.032753,10000,catering.cafe,30,2026-08-10 16:46:00
132,2,51.813697,-0.046303,15000,entertainment.museum,23,2026-08-21 08:34:00
133,2,51.868709,-0.167114,15000,entertainment.museum,24,2026-08-20 16:23:00
134,3,51.927347,-0.268686,10000,catering.cafe,9,2026-08-10 14:40:00
135,3,51.72903,-0.30912,15000,catering.restaurant,17,2026-07-29 18:19:00
136,3,51.846835,-0.014041,10000,catering.cafe,20,2026-08-25 12:47:00
137,2,51.87257,-0.319638,10000,catering.restaurant,16,2026-09-04 12:17:00
138,3,51.715138,-0.284471,5000,leisure.playground,7,2026-08-02 18:23:00
139,2,51.712645,-0.249895,5000,catering.restaurant,7,2026-09-07 12:40:00
140,2,51.903263,-0.310201,5000,catering.cafe,13,2026-09-18 16:13:00
141,3,51.899628,-0.384044,5000,catering.restaurant,5,2026-09-19 18:08:00
142,3,51.703945,-0.290779,5000,leisure.playground,21,2026-08-18 16:15:00
143,3,51.894504,-0.142057,5000,leisure.playground,21,2026-08-03 14:30:00
144,3,51.814511,0.128416,5000,leisure.playground,17,2026-08-10 18:02:00
145,3,51.718373,-0.401526,15000,catering.restaurant,7,2026-08-23 14:31:00
146,3,51.795226,-0.091565,10000,leisure.playground,21,2026-08-04 12:40:00
147,2,51.913198,-0.05945,15000,catering.restaurant,18,2026-09-03 12:50:00
148,3,51.906855,-0.210762,15000,catering.cafe,15,2026-08-24 16:26:00
149,3,51.938398,-0.037907,10000,catering.cafe,7,2026-08-23 12:16:00
150,2,51.886147,-0.226412,5000,catering.cafe,23,2026-09-18 10:27:00
151,2,51.802702,0.074164,10000,catering.cafe,14,2026-08-31 14:42:00
152,2,51.738683,-0.160686,5000,entertainment.museum,22,2026-09-03 12:06:00
153,2,51.901805,0.057093,15000,catering.cafe,24,2026-08-19 10:17:00
154,3,51.707238,-0.286038,10000,entertainment.museum,16,2026-09-24 14:44:00
155,3,51.717396,-0.005419,5000,catering.cafe,28,2026-07-27 10:09:00
156,3,51.785224,-0.227968,15000,entertainment.museum,29,2026-08-29 12:26:00
157,2,51.738895,0.002662,5000,catering.cafe,13,2026-09-01 14:56:00
158,3,51.803546,-0.320659,15000,catering.cafe,16,2026-08-24 14:31:00
159,3,51.831734,-0.264948,5000,leisure.playground,24,2026-08-23 10:43:00
160,2,51.891837,0.008497,10000,entertainment.museum,8,2026-07-30 08:19:00
161,2,51.732296,-0.130451,5000,entertainment.museum,7,2026-07-27 12:27:00
162,3,51.704685,0.102697,10000,leisure.playground,23,2026-08-21 16:02:00
163,3,51.728793,-0.437486,10000,catering.restaurant,30,2026-08-21 14:26:00
164,3,51.722032,0.056691,5000,leisure.playground,23,2026-09-04 12:44:00
165,3,51.886451,-0.317057,5000,catering.cafe,21,2026-08-21 14:25:00
166,2,51.926481,-0.240375,15000,catering.restaurant,12,2026-09-05 10:32:00
167,2,51.8506,0.006129,15000,catering.cafe,10,2026-08-02 10:12:00
168,3,51.870283,0.079229,15000,entertainment.museum,25,2026-09-14 14:29:00
169,3,51.810552,-0.268308,10000,catering.cafe,16,2026-08-16 10:04:00
170,3,51.709402,-0.228757,10000,catering.cafe,25,2026-08-28 10:29:00
171,3,51.815678,-0.11741,15000,catering.cafe,19,2026-09-20 18:05:00
172,2,51.780382,-0.164623,5000,catering.cafe,19,2026-09-23 16:41:00
173,3,51.945596,-0.399403,15000,catering.restaurant,6,2026-08-02 16:53:00
174,2,51.790974,0.100762,10000,leisure.playground,29,2026-08-11 14:28:00
175,3,51.716478,-0.393296,15000,leisure.playground,14,2026-08-17 14:03:00
176,2,51.783341,-0.100356,5000,entertainment.museum,14,2026-08-12 14:42:00
177,2,51.84876,0.112801,10000,leisure.playground,25,2026-09-06 14:25:00
178,2,51.861506,-0.195956,10000,catering.cafe,16,2026-09-15 12:08:00
179,3,51.936917,-0.158237,5000,catering.restaurant,9,2026-08-15 10:13:00
180,2,51.826922,-0.126138,15000,catering.cafe,26,2026-07-31 12:50:00
181,2,51.849312,-0.357448,5000,catering.restaurant,28,2026-08-17 16:39:00
182,2,51.942397,-0.083643,15000,leisure.playground,12,2026-08-24 08:23:00
183,3,51.925994,-0.33359,15000,leisure.playground,19,2026-08-30 12:51:00
184,3,51.941567,0.040135,15000,catering.restaurant,13,2026-09-14 12:24:00
185,3,51.838635,-0.388446,15000,catering.cafe,14,2026-07-30 14:55:00
186,3,51.926327,-0.361591,10000,catering.cafe,12,2026-08-01 16:17:00
187,2,51.803724,-0.212128,10000,catering.restaurant,17,2026-09-17 12:22:00
188,3,51.932706,0.053506,15000,entertainment.museum,30,2026-08-01 12:01:00
189,3,51.874018,-0.366724,15000,leisure.playground,19,2026-08-05 10:18:00
190,2,51.763981,0.050978,15000,leisure.playground,8,2026-09-04 08:05:00
191,2,51.711937,-0.198105,15000,leisure.playground,7,2026-09-14 12:19:00
192,2,51.857989,-0.104972,15000,catering.restaurant,14,2026-08-03 16:31:00
193,2,51.842666,-0.337612,15000,catering.cafe,21,2026-08-23 08:22:00
194,2,51.797613,-0.167919,15000,leisure.playground,16,2026-08-19 10:33:00
195,2,51.786201,-0.010235,15000,catering.cafe,29,2026-08-12 14:22:00
196,2,51.711084,-0.122392,15000,catering.restaurant,29,2026-09-02 14:21:00
197,3,51.857934,0.036899,5000,leisure.playground,6,2026-09-08 12:44:00
198,2,51.921448,-0.260643,10000,leisure.playground,22,2026-08-14 12:50:00
199,2,51.771528,0.067283,5000,entertainment.museum,13,2026-08-26 12:48:00
200,3,51.885827,0.086782,10000,entertainment.museum,10,2026-08-03 16:27:00
201,3,51.900287,-0.013751,5000,leisure.playground,24,2026-08-27 14:23:00
202,3,51.725649,-0.253248,10000,entertainment.museum,19,2026-09-17 10:18:00
203,3,51.787887,-0.424587,10000,leisure.playground,13,2026-09-03 14:10:00
204,2,51.867796,-0.206274,15000,catering.restaurant,5,2026-09-05 18:03:00
205,3,51.7087,-0.40966,15000,entertainment.museum,16,2026-08-05 16:43:00
206,2,51.869766,0.119294,10000,leisure.playground,29,2026-08-20 18:02:00
207,3,51.799509,-0.060264,5000,catering.cafe,5,2026-07-31 14:33:00
208,3,51.928386,-0.379343,10000,leisure.playground,11,2026-09-12 10:33:00
209,3,51.750045,-0.368563,5000,leisure.playground,10,2026-09-04 12:58:00
210,3,51.86696,-0.024276,15000,entertainment.museum,14,2026-09-22 14:05:00
211,2,51.898424,-0.144747,5000,catering.restaurant,30,2026-09-19 10:45:00
212,2,51.790224,-0.106634,10000,catering.restaurant,24,2026-08-04 12:31:00
213,3,51.949899,-0.018678,15000,leisure.playground,29,2026-09-21 10:19:00
214,2,51.943095,-0.064597,10000,leisure.playground,26,2026-08-22 16:04:00
215,2,51.891945,-0.37258,15000,catering.cafe,8,2026-08-29 12:56:00
216,2,51.780665,-0.024401,10000,entertainment.museum,7,2026-08-29 10:10:00
217,3,51.731293,-0.268305,15000,catering.cafe,21,2026-08-12 10:35:00
218,2,51.7428,-0.075312,15000,entertainment.museum,23,2026-09-06 10:37:00
219,2,51.711365,-0.065128,15000,entertainment.museum,25,2026-07-29 16:01:00
220,2,51.82451,-0.073702,10000,entertainment.museum,20,2026-08-09 16:26:00
221,3,51.774358,-0.406216,5000,catering.restaurant,19,2026-08-11 16:43:00
222,3,51.851665,-0.262451,15000,entertainment.museum,28,2026-08-22 12:13:00
223,2,51.890166,-0.141012,5000,entertainment.museum,12,2026-09-20 12:25:00
224,2,51.735219,-0.419637,10000,leisure.playground,12,2026-08-25 10:28:00
225,3,51.933438,-0.017323,5000,catering.restaurant,20,2026-09-20 18:52:00
226,3,51.824343,-0.395971,10000,leisure.playground,12,2026-08-28 12:56:00
227,2,51.770339,-0.091489,15000,leisure.playground,14,2026-08-09 14:03:00
228,3,51.733484,-0.291316,10000,leisure.playground,16,2026-08-30 08:06:00
229,2,51.790631,-0.276839,10000,leisure.playground,29,2026-07-29 12:36:00
230,2,51.732166,-0.391991,10000,entertainment.museum,22,2026-08-31 12:39:00
231,3,51.825019,-0.422818,5000,entertainment.museum,30,2026-08-19 16:12:00
232,2,51.781991,-0.082159,5000,leisure.playground,24,2026-08-26 14:09:00
233,3,51.826829,-0.144172,10000,entertainment.museum,20,2026-09-12 16:37:00
234,2,51.944975,-0.099779,15000,catering.cafe,24,2026-09-17 08:21:00
235,2,51.88035,-0.099886,5000,leisure.playground,9,2026-08-26 12:41:00
236,2,51.747696,-0.185377,10000,catering.restaurant,18,2026-09-17 14:02:00
237,3,51.918204,-0.008498,5000,catering.restaurant,21,2026-09-09 12:32:00
238,3,51.831369,-0.261748,5000,leisure.playground,22,2026-08-09 14:42:00
239,3,51.852519,-0.334641,5000,entertainment.museum,22,2026-08-17 14:43:00
240,3,51.876225,-0.035856,10000,entertainment.museum,20,2026-08-15 12:19:00
241,3,51.771947,-0.105914,15000,leisure.playground,17,2026-08-18 14:59:00
242,2,51.772613,-0.277422,15000,catering.cafe,16,2026-09-17 12:49:00
243,3,51.753497,0.046771,10000,entertainment.museum,9,2026-09-24 12:16:00
244,2,51.760615,-0.0481,15000,catering.restaurant,25,2026-08-02 14:37:00
245,3,51.87934,-0.389673,5000,catering.cafe,22,2026-08-10 10:26:00
246,3,51.819362,-0.330326,10000,entertainment.museum,14,2026-09-24 10:41:00
247,2,51.863075,-0.310668,15000,catering.cafe,10,2026-09-06 10:49:00
248,2,51.949293,-0.211803,10000,catering.restaurant,28,2026-08-22 16:11:00
249,2,51.702317,-0.109223,5000,entertainment.museum,14,2026-09-20 18:56:00
250,3,51.922315,-0.36948,15000,leisure.playground,13,2026-08-25 18:34:00
251,2,51.88278,-0.061029,15000,catering.restaurant,5,2026-08-08 16:21:00
252,2,51.743874,0.063688,10000,leisure.playground,21,2026-09-12 12:18:00
253,2,51.746195,-0.365633,10000,catering.restaurant,5,2026-08-16 10:42:00
254,3,51.938509,-0.268832,15000,catering.cafe,13,2026-08-12 12:28:00
255,2,51.866947,-0.170763,5000,leisure.playground,26,2026-09-06 12:15:00
256,3,51.872573,-0.066773,10000,entertainment.museum,24,2026-08-28 18:56:00
257,3,51.738296,-0.001359,15000,entertainment.museum,18,2026-08-10 12:08:00
258,2,51.890465,-0.041795,15000,catering.cafe,21,2026-09-09 14:30:00
259,2,51.929311,-0.382675,15000,catering.restaurant,23,2026-08-24 14:23:00
260,3,51.72906,-0.326759,15000,leisure.playground,7,2026-08-30 10:20:00
261,2,51.813358,-0.142051,10000,catering.cafe,22,2026-09-22 14:51:00
262,2,51.798987,0.039872,15000,catering.restaurant,23,2026-08-25 14:19:00
263,2,51.835291,-0.413847,5000,leisure.playground,6,2026-07-31 08:22:00
264,2,51.891457,0.137,15000,leisure.playground,16,2026-08-14 12:49:00
265,3,51.793911,-0.040362,15000,catering.restaurant,25,2026-09-22 12:55:00
266,3,51.832211,-0.013285,5000,catering.cafe,29,2026-09-20 12:11:00
267,3,51.832983,0.044016,5000,leisure.playground,16,2026-07-28 18:29:00
268,2,51.708054,-0.053881,15000,catering.cafe,12,2026-08-05 12:59:00
269,2,51.81161,-0.046786,5000,catering.restaurant,28,2026-08-09 10:38:00
270,2,51.888596,0.015638,5000,entertainment.museum,12,2026-07-29 12:14:00
271,3,51.844369,0.013523,10000,catering.restaurant,14,2026-09-17 18:36:00
272,2,51.80339,-0.284908,15000,catering.restaurant,25,2026-09-21 10:42:00
273,2,51.943073,0.114952,15000,leisure.playground,30,2026-09-08 12:31:00
274,3,51.737304,-0.224124,15000,leisure.playground,12,2026-08-29 12:26:00
275,2,51.901444,0.098845,15000,leisure.playground,18,2026-09-19 12:54:00
276,2,51.763749,-0.251842,5000,leisure.playground,16,2026-08-31 14:24:00
277,2,51.712884,-0.223699,15000,catering.cafe,7,2026-08-01 14:53:00
278,2,51.819849,0.071684,10000,entertainment.museum,5,2026-08-08 16:37:00
279,2,51.88672,0.002598,5000,catering.restaurant,17,2026-08-09 18:47:00
280,3,51.795165,-0.12981,10000,entertainment.museum,13,2026-09-23 12:20:00
281,3,51.724652,0.138791,10000,entertainment.museum,11,2026-08-19 14:31:00
282,2,51.885313,-0.440268,15000,leisure.playground,14,2026-08-19 12:02:00
283,3,51.842447,-0.302562,15000,entertainment.museum,13,2026-08-05 10:14:00
284,3,51.815207,-0.010337,10000,catering.restaurant,9,2026-09-13 16:46:00
285,2,51.830986,0.053441,5000,catering.cafe,29,2026-09-11 14:11:00
286,2,51.716992,-0.359382,5000,leisure.playground,16,2026-07-27 12:53:00
287,3,51.864821,-0.440561,15000,leisure.playground,5,2026-07-30 14:42:00
288,3,51.704286,0.037894,15000,leisure.playground,30,2026-07-28 14:17:00
289,2,51.831096,-0.305419,15000,entertainment.museum,16,2026-09-23 10:58:00
290,3,51.939824,-0.174601,5000,catering.restaurant,14,2026-08-13 16:05:00
291,2,51.723375,-0.222442,15000,leisure.playground,6,2026-09-08 16:05:00
292,2,51.824965,-0.189654,10000,catering.cafe,21,2026-09-05 08:10:00
293,3,51.767774,0.104496,15000,entertainment.museum,22,2026-09-23 08:13:00
294,3,51.703915,-0.325705,5000,leisure.playground,7,2026-09-01 14:11:00
295,3,51.869259,-0.125663,10000,catering.restaurant,30,2026-08-15 10:15:00
296,3,51.713424,-0.187747,5000,entertainment.museum,24,2026-09-09 14:32:00
297,3,51.94223,-0.254174,15000,entertainment.museum,30,2026-09-14 14:38:00
298,3,51.807962,-0.042183,15000,leisure.playground,7,2026-08-24 12:22:00
299,2,51.878277,-0.400777,5000,leisure.playground,27,2026-09-14 14:51:00
300,3,51.77917,-0.386069,5000,entertainment.museum,19,2026-09-15 14:47:00
