search_event_id,amenity_id
1,9
1,2
2,1
2,6
3,8
4,7
5,2
5,5
6,4
6,5
7,8
7,5
8,1
8,6
9,7
10,3
10,5
10,7
11,1
11,7
12,5
13,1
13,5
14,7
15,3
15,7
16,9
16,3
17,3
17,4
18,3
19,6
20,3
21,1
22,3
23,9
23,7
24,9
25,2
26,7
27,8
28,8
28,4
29,6
30,9
30,3
31,4
31,7
32,9
32,5
33,5
34,9
35,7
36,8
37,10
37,7
38,2
38,3
39,2
40,7
41,10
41,7
42,8
42,4
43,9
43,10
44,8
44,2
44,6
45,7
46,5
46,7
47,5
47,7
48,4
49,8
50,9
50,4
51,1
51,4
51,6
52,1
52,5
53,8
54,1
54,10
54,5
55,10
55,2
55,4
56,1
57,3
58,9
59,7
60,8
61,4
61,6
62,2
63,6
64,2
65,9
66,9
67,5
68,10
68,7
69,8
70,3
70,4
71,8
71,2
72,6
73,5
74,5
75,8
75,5
76,1
77,9
78,10
79,3
79,5
80,10
80,2
81,2
82,9
83,8
83,9
83,4
84,8
84,9
85,1
86,9
86,5
86,6
87,10
87,2
88,7
89,4
90,2
91,8
92,8
92,5
93,2
93,3
94,3
94,5
95,10
95,5
95,7
96,5
97,6
98,2
99,3
100,4
101,9
101,4
102,8
102,6
103,8
103,9
103,7
104,9
105,8
105,4
106,3
107,3
108,2
109,8
110,2
111,10
111,3
112,4
113,9
113,2
113,4
114,8
114,6
115,7
116,9
116,10
116,7
117,2
117,3
117,5
118,9
119,3
119,6
119,7
120,8
121,10
122,8
122,2
123,7
124,8
124,10
125,6
126,8
126,2
126,4
127,8
127,10
128,10
128,6
128,7
129,8
129,2
130,8
130,7
131,2
131,3
132,9
132,3
133,10
134,5
135,3
136,7
137,8
138,3
138,7
139,1
139,3
140,6
140,7
141,5
141,7
142,5
142,6
143,2
143,10
144,5
145,8
145,9
145,6
146,5
147,3
148,10
148,4
148,5
149,8
149,10
149,3
150,9
150,7
151,6
151,7
152,10
152,2
152,3
153,3
153,7
154,8
154,2
154,7
155,3
156,9
157,5
158,1
158,10
159,10
160,10
160,5
161,1
161,10
161,5
162,7
163,8
163,7
164,8
165,9
165,3
165,7
166,1
166,2
167,7
168,3
168,6
169,8
170,7
171,9
172,9
172,6
173,3
174,1
174,3
175,8
175,7
176,6
177,4
178,2
179,10
179,2
180,1
180,3
180,4
181,3
182,10
183,1
183,10
183,5
184,10
184,5
185,4
185,7
186,8
186,7
187,3
188,5
189,3
189,5
190,9
190,2
191,5
192,5
193,8
193,10
193,3
194,1
194,3
194,5
195,8
195,5
196,2
197,8
197,5
197,7
198,9
198,10
199,10
199,5
200,3
201,3
202,2
203,9
203,2
204,3
204,5
205,7
206,8
207,6
208,9
208,5
209,2
210,10
210,6
211,8
211,2
211,10
212,7
213,9
213,6
213,7
214,2
215,10
216,4
217,7
218,9
218,10
219,4
219,7
220,8
220,10
221,5
221,7
222,5
223,10
224,9
224,5
224,7
225,6
226,3
227,7
228,9
228,2
228,5
229,8
229,10
230,3
230,4
231,8
232,10
232,3
232,5
233,5
234,3
234,5
235,4
236,3
236,4
237,2
238,10
239,10
239,3
239,4
240,8
241,9
241,3
242,10
242,7
243,4
243,5
243,7
244,2
245,3
245,7
246,7
247,5
248,3
249,2
249,4
249,5
250,8
251,2
251,3
252,4
252,7
253,6
254,10
254,6
255,2
255,4
256,1
256,2
257,4
258,5
259,9
259,6
260,8
260,3
261,8
261,3
262,10
263,2
264,9
264,7
265,3
266,6
267,8
268,10
268,7
269,3
269,4
270,5
271,5
272,7
273,8
274,9
274,5
274,6
275,8
275,4
275,7
276,5
276,7
277,3
278,8
279,2
280,9
280,3
280,5
281,10
282,8
283,3
284,1
285,9
285,7
286,10
286,2
286,4
287,10
287,4
288,10
289,8
289,4
290,6
290,7
291,7
292,10
293,10
293,7
294,3
295,2
296,7
297,9
297,3
298,3
299,6
300,10
