id,venue_id,user_id,viewed_at
1,3,3,2026-08-04 11:10:04.105006
2,5,2,2026-09-20 22:45:49.105006
3,2,3,2026-09-17 08:33:09.105006
4,1,2,2026-08-25 03:53:13.105006
5,2,2,2026-08-23 19:17:33.105006
6,2,3,2026-08-22 05:48:46.105006
7,5,2,2026-09-15 15:27:23.105006
8,3,3,2026-09-18 00:50:50.105006
9,3,2,2026-09-07 20:18:08.105006
10,1,3,2026-08-27 22:13:58.105006
11,3,2,2026-09-22 15:38:59.105006
12,3,2,2026-09-22 02:28:12.105006
13,4,2,2026-08-28 13:35:22.105006
14,5,3,2026-08-24 11:00:13.105006
15,199,2,2026-09-17 15:31:33.105006
16,1,2,2026-08-27 08:46:36.105006
17,2,2,2026-08-18 06:08:39.105006
18,2,2,2026-08-12 08:07:28.105006
19,2,2,2026-08-09 23:21:28.105006
20,2,2,2026-09-12 08:36:27.105006
21,4,3,2026-08-04 20:55:03.105006
22,1,2,2026-09-21 01:46:26.105006
23,3,2,2026-09-23 05:52:58.105006
24,2,3,2026-09-11 13:43:38.105006
25,2,2,2026-08-07 11:06:35.105006
26,3,2,2026-09-07 19:48:32.105006
27,3,3,2026-09-26 12:05:28.105006
28,1,2,2026-08-21 06:03:53.105006
29,1,2,2026-09-17 15:41:33.105006
30,4,3,2026-09-12 15:03:45.105006
31,4,2,2026-08-21 06:03:53.105006
32,2,3,2026-08-20 06:46:53.105006
33,3,2,2026-08-04 12:23:58.105006
34,1,2,2026-08-01 06:09:32.105006
35,4,2,2026-08-23 19:35:33.105006
36,2,3,2026-08-03 04:45:23.105006
37,1,3,2026-08-17 00:02:30.105006
38,4,3,2026-08-20 21:17:08.105006
39,2,2,2026-08-06 21:21:37.105006
40,4,3,2026-09-22 04:02:24.105006
41,1,3,2026-08-19 23:42:26.105006
42,3,2,2026-08-23 14:11:28.105006
43,1,2,2026-08-01 11:21:48.105006
44,4,2,2026-09-25 07:09:59.105006
45,1,2,2026-09-08 14:40:42.105006
46,1,3,2026-09-05 15:21:00.105006
47,100,2,2026-09-01 14:37:44.105006
48,2,3,2026-08-26 17:42:51.105006
49,1,3,2026-09-26 12:12:28.105006
50,261,2,2026-08-30 19:42:30.105006
51,2,2,2026-08-27 08:48:36.105006
52,2,2,2026-08-04 12:27:58.105006
53,4,3,2026-09-25 05:40:34.105006
54,1,2,2026-08-07 11:11:35.105006
55,4,2,2026-09-21 23:40:50.105006
56,1,2,2026-09-21 18:55:56.105006
57,1,3,2026-09-20 09:17:34.105006
58,199,3,2026-08-08 14:02:34.105006
59,1,2,2026-08-26 10:48:27.105006
60,199,3,2026-09-21 07:47:08.105006
61,3,2,2026-08-06 11:25:19.105006
62,2,3,2026-09-23 02:04:12.105006
63,3,3,2026-08-20 04:21:16.105006
64,2,3,2026-08-22 16:42:13.105006
65,2,2,2026-08-27 11:45:15.105006
66,5,3,2026-09-16 16:28:21.105006
67,1,2,2026-08-14 16:18:22.105006
68,3,3,2026-09-11 12:32:55.105006
69,25,3,2026-08-23 20:42:01.105006
70,5,3,2026-09-18 01:00:50.105006
71,4,3,2026-09-15 10:27:05.105006
72,1,3,2026-08-25 05:04:23.105006
73,5,2,2026-09-25 04:54:02.105006
74,2,2,2026-08-09 17:50:53.105006
75,4,3,2026-08-30 11:27:02.105006
76,1,2,2026-08-28 20:40:04.105006
77,1,3,2026-08-31 17:01:20.105006
78,2,3,2026-08-22 05:53:46.105006
79,4,2,2026-09-27 07:26:06.105006
80,1,3,2026-09-16 13:49:49.105006
81,25,3,2026-09-25 13:48:36.105006
82,4,3,2026-08-07 13:03:52.105006
83,4,3,2026-08-22 16:27:13.105006
84,1,2,2026-09-06 21:30:17.105006
85,4,3,2026-08-30 21:06:35.105006
86,4,3,2026-09-23 02:04:43.105006
87,2,3,2026-08-07 12:51:05.105006
88,1,3,2026-09-25 19:03:04.105006
89,1,2,2026-08-28 06:02:01.105006
90,2,3,2026-08-14 14:13:38.105006
91,2,2,2026-08-06 11:33:19.105006
92,5,2,2026-08-24 21:45:27.105006
93,4,3,2026-08-20 06:37:53.105006
94,5,3,2026-09-04 06:06:54.105006
95,2,2,2026-08-06 06:00:18.105006
96,26,2,2026-08-06 21:21:37.105006
97,142,2,2026-08-25 08:51:52.105006
98,1,2,2026-09-10 04:51:10.105006
99,1,2,2026-08-29 18:54:09.105006
100,5,2,2026-08-11 23:24:25.105006
101,1,2,2026-09-08 14:47:42.105006
102,4,2,2026-08-10 09:21:58.105006
103,1,2,2026-08-12 08:18:28.105006
104,5,2,2026-09-22 15:51:59.105006
105,1,2,2026-09-10 11:04:30.105006
106,2,3,2026-08-08 23:55:40.105006
107,3,3,2026-09-11 11:17:55.105006
108,4,3,2026-09-03 17:57:19.105006
109,1,3,2026-09-16 16:34:21.105006
110,3,2,2026-08-06 12:19:33.105006
111,2,3,2026-09-11 13:28:38.105006
112,3,2,2026-08-26 10:35:27.105006
113,2,3,2026-08-18 10:12:22.105006
114,2,3,2026-08-22 00:52:27.105006
115,4,2,2026-08-15 06:20:57.105006
116,2,3,2026-09-17 17:02:12.105006
117,2,3,2026-08-29 14:45:53.105006
118,4,2,2026-07-31 16:37:55.105006
119,1,3,2026-08-19 23:53:26.105006
120,1,3,2026-08-29 14:42:53.105006
121,2,3,2026-08-12 06:57:40.105006
122,4,2,2026-07-31 02:49:59.105006
123,4,2,2026-09-21 15:30:43.105006
124,2,2,2026-08-23 10:02:28.105006
125,2,2,2026-08-27 09:00:36.105006
126,5,2,2026-08-18 20:11:16.105006
127,2,3,2026-08-22 00:50:27.105006
128,1,2,2026-09-15 07:33:33.105006
129,199,3,2026-08-11 15:39:40.105006
130,3,3,2026-09-24 22:56:05.105006
131,1,2,2026-09-08 14:06:46.105006
132,3,2,2026-09-23 05:45:58.105006
133,3,3,2026-09-10 21:45:54.105006
134,1,2,2026-08-14 08:56:21.105006
135,2,2,2026-08-03 11:36:33.105006
136,3,3,2026-09-08 01:00:32.105006
137,1,3,2026-08-31 19:54:39.105006
138,1,2,2026-09-25 04:51:02.105006
139,2,2,2026-09-04 10:28:54.105006
140,4,3,2026-08-16 16:00:30.105006
141,1,2,2026-08-10 17:27:39.105006
142,3,2,2026-09-11 07:54:02.105006
143,2,3,2026-09-25 01:05:07.105006
144,142,2,2026-08-28 20:43:04.105006
145,4,3,2026-08-30 21:12:35.105006
146,3,3,2026-08-31 17:04:20.105006
147,2,3,2026-08-14 13:55:38.105006
148,5,3,2026-08-22 12:13:42.105006
149,4,3,2026-08-30 21:04:35.105006
150,1,3,2026-09-13 11:12:25.105006
151,1,3,2026-08-25 05:10:23.105006
152,2,3,2026-09-22 10:26:47.105006
153,1,2,2026-09-16 07:48:55.105006
154,5,3,2026-08-20 21:12:08.105006
155,3,3,2026-08-12 06:41:40.105006
156,3,2,2026-09-21 23:52:50.105006
157,2,2,2026-08-23 15:34:29.105006
158,1,2,2026-08-25 07:11:41.105006
159,2,2,2026-09-21 05:17:09.105006
160,3,2,2026-08-30 19:40:30.105006
161,100,3,2026-09-15 14:12:38.105006
162,4,2,2026-08-09 23:27:28.105006
163,221,3,2026-08-24 05:58:22.105006
164,5,3,2026-08-20 06:37:53.105006
165,4,3,2026-08-17 00:16:30.105006
166,1,3,2026-08-29 21:02:33.105006
167,2,3,2026-08-20 06:37:53.105006
168,1,3,2026-09-08 20:43:55.105006
169,4,3,2026-08-30 11:18:02.105006
170,1,2,2026-09-23 16:08:00.105006
171,4,2,2026-08-15 06:35:57.105006
172,1,3,2026-09-19 07:43:42.105006
173,4,2,2026-08-10 16:33:34.105006
174,2,3,2026-08-29 20:57:33.105006
175,1,3,2026-09-20 09:27:34.105006
176,3,2,2026-08-30 15:00:24.105006
177,1,3,2026-09-17 14:17:52.105006
178,4,2,2026-08-06 11:31:19.105006
179,2,2,2026-09-21 05:21:09.105006
180,221,2,2026-08-28 15:52:09.105006
